[32m2026-08-29 04:00:01.065[0m | [1mINFO    [0m | [36m__main__[0m:[36mmain[0m:[36m90[0m - [1mLoading training config file from /home/linjiw/lucid/GR00T-WholeBodyControl/sonic_release/config.yaml[0m
Setting seed: 0
[WARN][AppLauncher]: There are no arguments attached to the ArgumentParser object. If you have your own arguments, please load your own arguments before calling the `AppLauncher.add_app_launcher_args` method. This allows the method to check the validity of the arguments and perform checks for argument names.
[INFO][AppLauncher]: Using device: cuda
[INFO][AppLauncher]: Loading experience file: /home/linjiw/isaaclab-install/IsaacLab/apps/isaaclab.python.headless.kit
Loading user config located at: '/home/linjiw/isaaclab-install/env_isaaclab/lib/python3.11/site-packages/isaacsim/kit/data/Kit/Isaac-Sim/5.1/user.config.json'
[2026-08-29 04:00:01,325][asyncio][DEBUG] - Using selector: EpollSelector
[2026-08-29 04:00:04,004][h5py._conv][DEBUG] - Creating converter from 7 to 5
[2026-08-29 04:00:04,005][h5py._conv][DEBUG] - Creating converter from 5 to 7
[2026-08-29 04:00:04,005][h5py._conv][DEBUG] - Creating converter from 7 to 5
[2026-08-29 04:00:04,005][h5py._conv][DEBUG] - Creating converter from 5 to 7
[2026-08-29 04:00:04,044][matplotlib][DEBUG] - matplotlib data path: /home/linjiw/isaaclab-install/env_isaaclab/lib/python3.11/site-packages/matplotlib/mpl-data
[2026-08-29 04:00:04,047][matplotlib][DEBUG] - CONFIGDIR=/home/linjiw/.config/matplotlib
[2026-08-29 04:00:04,048][matplotlib][DEBUG] - interactive is False
[2026-08-29 04:00:04,048][matplotlib][DEBUG] - platform is linux

|---------------------------------------------------------------------------------------------|
| Driver Version: 595.84        | Graphics API: Vulkan
|=============================================================================================|
| GPU | Name                             | Active | LDA | GPU Memory | Vendor-ID | LUID       |
|     |                                  |        |     |            | Device-ID | UUID       |
|     |                                  |        |     |            | Bus-ID    |            |
|---------------------------------------------------------------------------------------------|
| 0   | NVIDIA GeForce RTX 5080          | Yes: 0 |     | 16303   MB | 10de      | 0          |
|     |                                  |        |     |            | 2c02      | 6f038fe9.. |
|     |                                  |        |     |            | 1         |            |
|---------------------------------------------------------------------------------------------|
| 1   | AMD Unknown (RADV RAPHAEL_MEND.. |        |     | 10564   MB | 1002      | 0          |
|     |                                  |        |     |            | 13c0      | 00000000.. |
|     |                                  |        |     |            | c         |            |
|=============================================================================================|
| OS: 22.04.5 LTS (Jammy Jellyfish) ubuntu, Version: 22.04.5, Kernel: 6.8.0-138-generic
| XServer Vendor: The X.Org Foundation, XServer Version: 12101004 (1.21.1.4)
| Processor: AMD Ryzen 9 9950X 16-Core Processor
| Cores: 16 | Logical Cores: 32
|---------------------------------------------------------------------------------------------|
| Total Memory (MB): 30670 | Free Memory: 17667
| Total Page/Swap (MB): 2047 | Free Page/Swap: 661
|---------------------------------------------------------------------------------------------|
Unidirectional P2P=Enabled Bandwidth (P2P Writes) Matrix (GB/s)
   D\D     0 
     0 822.52 
P2P=Enabled Latency (P2P Writes) Matrix (us)
   GPU     0 
     0   0.85 

   CPU     0 
     0   1.86 
[2026-08-29 04:00:05,181][filelock][DEBUG] - Attempting to release lock 130472448022672 on /tmp/isaaclab_app_launcher.lock
[2026-08-29 04:00:05,181][filelock][DEBUG] - Lock 130472448022672 released on /tmp/isaaclab_app_launcher.lock
[32m2026-08-29 04:00:06.136[0m | [1mINFO    [0m | [36mgear_sonic.utils.motion_lib.torch_humanoid_batch[0m:[36m<module>[0m:[36m40[0m - [1mUsing Humanoid Batch[0m
[DEBUG] Instantiated events: EventCfg(physics_material=EventTermCfg(func='gear_sonic.envs.manager_env.mdp:randomize_rigid_body_material', params={'asset_cfg': SceneEntityCfg(name='robot', joint_names=None, joint_ids=slice(None, None, None), fixed_tendon_names=None, fixed_tendon_ids=slice(None, None, None), body_names='.*', body_ids=slice(None, None, None), object_collection_names=None, object_collection_ids=slice(None, None, None), preserve_order=False), 'static_friction_range': [0.3, 1.6], 'dynamic_friction_range': [0.3, 1.2], 'restitution_range': [0.0, 0.5], 'num_buckets': 64}, mode='startup', interval_range_s=None, is_global_time=False, min_step_count_between_reset=0), add_joint_default_pos=EventTermCfg(func='gear_sonic.envs.manager_env.mdp:randomize_joint_default_pos', params={'asset_cfg': SceneEntityCfg(name='robot', joint_names=['.*'], joint_ids=slice(None, None, None), fixed_tendon_names=None, fixed_tendon_ids=slice(None, None, None), body_names=None, body_ids=slice(None, None, None), object_collection_names=None, object_collection_ids=slice(None, None, None), preserve_order=False), 'pos_distribution_params': [-0.01, 0.01], 'operation': 'add'}, mode='startup', interval_range_s=None, is_global_time=False, min_step_count_between_reset=0), add_hand_joint_default_pos=None, base_com=EventTermCfg(func='gear_sonic.envs.manager_env.mdp:randomize_rigid_body_com', params={'asset_cfg': SceneEntityCfg(name='robot', joint_names=None, joint_ids=slice(None, None, None), fixed_tendon_names=None, fixed_tendon_ids=slice(None, None, None), body_names='torso_link', body_ids=slice(None, None, None), object_collection_names=None, object_collection_ids=slice(None, None, None), preserve_order=False), 'com_range': {'x': [-0.025, 0.025], 'y': [-0.05, 0.05], 'z': [-0.05, 0.05]}}, mode='startup', interval_range_s=None, is_global_time=False, min_step_count_between_reset=0), push_robot=None, randomize_rigid_body_mass=EventTermCfg(func='gear_sonic.envs.manager_env.mdp:randomize_rigid_body_mass', params={'asset_cfg': SceneEntityCfg(name='robot', joint_names=None, joint_ids=slice(None, None, None), fixed_tendon_names=None, fixed_tendon_ids=slice(None, None, None), body_names='.*wrist_yaw.*|torso_link', body_ids=slice(None, None, None), object_collection_names=None, object_collection_ids=slice(None, None, None), preserve_order=False), 'mass_distribution_params': [0.8, 1.5], 'operation': 'scale'}, mode='startup', interval_range_s=None, is_global_time=False, min_step_count_between_reset=0))
[DEBUG]   Event 'physics_material': EventTermCfg
[DEBUG]   Event 'add_joint_default_pos': EventTermCfg
[DEBUG]   Event 'base_com': EventTermCfg
[DEBUG]   Event 'randomize_rigid_body_mass': EventTermCfg

[36m======================================================================================[0m
[36m[1m[INFO][IsaacLab]: Logging to file: /tmp/isaaclab/logs/isaaclab_2026-08-29_04-00-06.log[0m
[36m======================================================================================[0m

[33m04:00:06 [simulation_context.py] WARNING: The `enable_external_forces_every_iteration` parameter in the PhysxCfg is set to False. If you are experiencing noisy velocities, consider enabling this flag. You may need to slightly increase the number of velocity iterations (setting it to 1 or 2 rather than 0), together with this flag, to improve the accuracy of velocity updates.[0m
[INFO]: Base environment:
	Environment device    : cuda:0
	Environment seed      : 0
	Physics step-size     : 0.005
	Rendering step-size   : 0.02
	Environment step-size : 0.02
[INFO] Generating terrains randomly took : 1.958774 seconds

|---------------------------------------------------------------------------------------------|
| Driver Version: 595.84        | Graphics API: Vulkan
|=============================================================================================|
| GPU | Name                             | Active | LDA | GPU Memory | Vendor-ID | LUID       |
|     |                                  |        |     |            | Device-ID | UUID       |
|     |                                  |        |     |            | Bus-ID    |            |
|---------------------------------------------------------------------------------------------|
| 0   | NVIDIA GeForce RTX 5080          | Yes: 0 |     | 16303   MB | 10de      | 0          |
|     |                                  |        |     |            | 2c02      | 6f038fe9.. |
|     |                                  |        |     |            | 1         |            |
|---------------------------------------------------------------------------------------------|
| 1   | AMD Unknown (RADV RAPHAEL_MEND.. |        |     | 10564   MB | 1002      | 0          |
|     |                                  |        |     |            | 13c0      | 00000000.. |
|     |                                  |        |     |            | c         |            |
|=============================================================================================|
| OS: 22.04.5 LTS (Jammy Jellyfish) ubuntu, Version: 22.04.5, Kernel: 6.8.0-138-generic
| XServer Vendor: The X.Org Foundation, XServer Version: 12101004 (1.21.1.4)
| Processor: AMD Ryzen 9 9950X 16-Core Processor
| Cores: 16 | Logical Cores: 32
|---------------------------------------------------------------------------------------------|
| Total Memory (MB): 30670 | Free Memory: 16618
| Total Page/Swap (MB): 2047 | Free Page/Swap: 661
|---------------------------------------------------------------------------------------------|
Unidirectional P2P=Enabled Bandwidth (P2P Writes) Matrix (GB/s)
   D\D     0 
     0 696.93 
P2P=Enabled Latency (P2P Writes) Matrix (us)
   GPU     0 
     0   0.87 

   CPU     0 
     0   1.64 
Unidirectional P2P=Enabled Bandwidth (P2P Writes) Matrix (GB/s)
   D\D     0 
     0 673.58 
P2P=Enabled Latency (P2P Writes) Matrix (us)
   GPU     0 
     0   0.87 

   CPU     0 
     0   1.50 
[INFO]: Time taken for scene creation : 3.963634 seconds
[INFO]: Scene manager:  <class InteractiveScene>
	Number of environments: 24
	Environment spacing   : 2.0
	Source prim name      : /World/envs/env_0
	Global prim paths     : []
	Replicate physics     : True
[INFO]: Starting the simulation. This may take a few seconds. Please wait...
[INFO]: Time taken for simulation start : 1.102044 seconds
[32m2026-08-29 04:00:11.391[0m | [1mINFO    [0m | [36mgear_sonic.utils.motion_lib.motion_lib_base[0m:[36m__init__[0m:[36m235[0m - [1mLoaded skeleton from gear_sonic/data/assets/robot_description/mjcf/g1_29dof_rev_1_0.xml[0m
[32m2026-08-29 04:00:11.391[0m | [1mINFO    [0m | [36mgear_sonic.utils.motion_lib.motion_lib_base[0m:[36m__init__[0m:[36m236[0m - [1mLoading motion data from /home/linjiw/scene2motion/outputs/exp011/ardy_bodies.pkl...[0m
[32m2026-08-29 04:00:11.394[0m | [1mINFO    [0m | [36mgear_sonic.utils.motion_lib.motion_lib_base[0m:[36mload_data[0m:[36m472[0m - [1mLoaded 24 motions[0m
Loading Meshes ... ━━━━━━━━━━━━━━━━━━━━━━━━━━━━━━━━━━━━━━━━ 100% 0:00:00
Loading Geoms... ━━━━━━━━━━━━━━━━━━━━━━━━━━━━━━━━━━━━━━━━ 100% 0:00:00
[32m2026-08-29 04:00:11.727[0m | [1mINFO    [0m | [36mgear_sonic.utils.motion_lib.motion_lib_base[0m:[36mload_motions[0m:[36m1091[0m - [1mLoading 24 motions...[0m
[32m2026-08-29 04:00:11.727[0m | [1mINFO    [0m | [36mgear_sonic.utils.motion_lib.motion_lib_base[0m:[36mload_motions[0m:[36m1092[0m - [1mSampling motion: tensor([0, 1, 2, 3, 4, 5, 6, 7, 8, 9], device='cuda:0'), ....[0m
[32m2026-08-29 04:00:11.727[0m | [1mINFO    [0m | [36mgear_sonic.utils.motion_lib.motion_lib_base[0m:[36mload_motions[0m:[36m1093[0m - [1mCurrent motion keys: ['neutral__s900', 'neutral__s901', 'neutral__s902', 'neutral__s903', 'duck-shallow__s900', 'duck-shallow__s901', 'duck-shallow__s902', 'duck-shallow__s903', 'duck__s900', 'duck__s901'], ....[0m
[32m2026-08-29 04:00:11.759[0m | [1mINFO    [0m | [36mgear_sonic.utils.motion_lib.motion_lib_base[0m:[36mload_motions[0m:[36m1140[0m - [1mLoading motions with 1 jobs...[0m
Loading motions... ━━━━━━━━━━━━━━━━━━━━━━━━━━━━━━━━━━━━━━━━ 100% 0:00:00
Gathering results for non-navigation dataset... ━━━━━━━━━━━━━━━━━━━━━━━━━━━━━  
Processing motions... ━━━━━━━━━━━━━━━━━━━━━━━━━━━━━━━━━━━━━━━━ 100% 0:00:00
[32m2026-08-29 04:00:12.248[0m | [1mINFO    [0m | [36mgear_sonic.utils.motion_lib.motion_lib_base[0m:[36mload_motions[0m:[36m1577[0m - [1mLoaded 24 motions with a total length of 190.560s and 9552 frames.[0m
[INFO] Command Manager:  <CommandManager> contains 1 active terms.
+----------------------------------+
|       Active Command Terms       |
+-------+--------+-----------------+
| Index | Name   |       Type      |
+-------+--------+-----------------+
|   0   | motion | TrackingCommand |
+-------+--------+-----------------+

[INFO] Event Manager:  <EventManager> contains 1 active terms.
+----------------------------------------+
| Active Event Terms in Mode: 'startup'  |
+--------+-------------------------------+
| Index  | Name                          |
+--------+-------------------------------+
|   0    | physics_material              |
|   1    | add_joint_default_pos         |
|   2    | base_com                      |
|   3    | randomize_rigid_body_mass     |
+--------+-------------------------------+

[INFO] Recorder Manager:  <RecorderManager> contains 0 active terms.
+---------------------+
| Active Recorder Terms |
+-----------+---------+
|   Index   | Name    |
+-----------+---------+
+-----------+---------+

[INFO] Action Manager:  <ActionManager> contains 1 active terms.
+------------------------------------+
|  Active Action Terms (shape: 29)   |
+--------+-------------+-------------+
| Index  | Name        |   Dimension |
+--------+-------------+-------------+
|   0    | joint_pos   |          29 |
+--------+-------------+-------------+

[INFO] Observation Manager: <ObservationManager> contains 3 groups.
+---------------------------------------------------------+
| Active Observation Terms in Group: 'policy' (shape: (930,)) |
+-------------+---------------------------+---------------+
|    Index    | Name                      |     Shape     |
+-------------+---------------------------+---------------+
|      0      | base_ang_vel              |     (30,)     |
|      1      | joint_pos                 |     (290,)    |
|      2      | joint_vel                 |     (290,)    |
|      3      | actions                   |     (290,)    |
|      4      | gravity_dir               |     (30,)     |
+-------------+---------------------------+---------------+
+------------------------------------------------------------+
| Active Observation Terms in Group: 'critic' (shape: (1645,)) |
+-----------+-----------------------------------+------------+
|   Index   | Name                              |   Shape    |
+-----------+-----------------------------------+------------+
|     0     | command_multi_future              |   (580,)   |
|     1     | motion_anchor_pos_b               |    (3,)    |
|     2     | motion_anchor_ori_b               |    (6,)    |
|     3     | body_pos                          |   (42,)    |
|     4     | body_ori                          |   (84,)    |
|     5     | base_lin_vel                      |   (30,)    |
|     6     | base_ang_vel                      |   (30,)    |
|     7     | joint_pos                         |   (290,)   |
|     8     | joint_vel                         |   (290,)   |
|     9     | actions                           |   (290,)   |
+-----------+-----------------------------------+------------+
+-----------------------------------------------------------+
|       Active Observation Terms in Group: 'tokenizer'      |
+-------+----------------------------------------+----------+
| Index | Name                                   |  Shape   |
+-------+----------------------------------------+----------+
|   0   | encoder_index                          |   (3,)   |
|   1   | command_multi_future_nonflat           | (10, 58) |
|   2   | command_z_multi_future_nonflat         | (10, 1)  |
|   3   | command_z                              |   (1,)   |
|   4   | motion_anchor_ori_b                    |   (6,)   |
|   5   | motion_anchor_ori_b_mf_nonflat         | (10, 6)  |
|   6   | command_multi_future_lower_body        |  (240,)  |
|   7   | vr_3point_local_target                 |   (9,)   |
|   8   | vr_3point_local_orn_target             |  (12,)   |
|   9   | smpl_joints_multi_future_local_nonflat | (10, 72) |
|   10  | smpl_root_ori_b_multi_future           | (10, 6)  |
|   11  | joint_pos_multi_future_wrist_for_smpl  | (10, 6)  |
+-------+----------------------------------------+----------+

[INFO] Termination Manager:  <TerminationManager> contains 5 active terms.
+------------------------------------+
|      Active Termination Terms      |
+-------+-----------------+----------+
| Index | Name            | Time Out |
+-------+-----------------+----------+
|   0   | time_out        |   True   |
|   1   | anchor_pos      |  False   |
|   2   | anchor_ori_full |  False   |
|   3   | ee_body_pos     |  False   |
|   4   | foot_pos_xyz    |  False   |
+-------+-----------------+----------+

[INFO] Reward Manager:  <RewardManager> contains 12 active terms.
+-----------------------------------------------+
|              Active Reward Terms              |
+-------+----------------------------+----------+
| Index | Name                       |   Weight |
+-------+----------------------------+----------+
|   0   | tracking_anchor_pos        |      0.5 |
|   1   | tracking_anchor_ori        |      0.5 |
|   2   | tracking_relative_body_pos |      1.0 |
|   3   | tracking_relative_body_ori |      1.0 |
|   4   | tracking_body_linvel       |      1.0 |
|   5   | tracking_body_angvel       |      1.0 |
|   6   | action_rate_l2             |     -0.1 |
|   7   | joint_limit                |    -10.0 |
|   8   | undesired_contacts         |     -0.1 |
|   9   | anti_shake_ang_vel         |   -0.005 |
|   10  | tracking_vr_5point_local   |      2.0 |
|   11  | feet_acc                   | -2.5e-06 |
+-------+----------------------------+----------+

[INFO] Curriculum Manager:  <CurriculumManager> contains 0 active terms.
+----------------------+
| Active Curriculum Terms |
+-----------+----------+
|   Index   | Name     |
+-----------+----------+
+-----------+----------+

[INFO]: Completed setting up the environment...
[32m2026-08-29 04:00:14.198[0m | [1mINFO    [0m | [36mgear_sonic.trl.modules.universal_token_modules[0m:[36m__init__[0m:[36m250[0m - [1mMotion Encoder and Quantizer initialized with embedding dim: 64 (num_tokens=2, token_dim=32)[0m
[32m2026-08-29 04:00:14.262[0m | [1mINFO    [0m | [36mgear_sonic.trl.modules.universal_token_modules[0m:[36m__init__[0m:[36m319[0m - [1mInitialized g1 encoder with input features: ['command_multi_future_nonflat', 'motion_anchor_ori_b_mf_nonflat'][0m
[32m2026-08-29 04:00:14.272[0m | [1mINFO    [0m | [36mgear_sonic.trl.modules.universal_token_modules[0m:[36m__init__[0m:[36m319[0m - [1mInitialized teleop encoder with input features: ['command_multi_future_lower_body', 'vr_3point_local_target', 'vr_3point_local_orn_target', 'motion_anchor_ori_b'][0m
[32m2026-08-29 04:00:14.285[0m | [1mINFO    [0m | [36mgear_sonic.trl.modules.universal_token_modules[0m:[36m__init__[0m:[36m319[0m - [1mInitialized smpl encoder with input features: ['smpl_joints_multi_future_local_nonflat', 'smpl_root_ori_b_multi_future', 'joint_pos_multi_future_wrist_for_smpl'][0m
[32m2026-08-29 04:00:14.311[0m | [1mINFO    [0m | [36mgear_sonic.trl.modules.universal_token_modules[0m:[36m__init__[0m:[36m409[0m - [1mInitialized g1_dyn decoder with input features: ['token_flattened', 'proprioception'] and output features: ['action'][0m
[32m2026-08-29 04:00:14.321[0m | [1mINFO    [0m | [36mgear_sonic.trl.modules.universal_token_modules[0m:[36m__init__[0m:[36m409[0m - [1mInitialized g1_kin decoder with input features: ['token'] and output features: ['command_multi_future_nonflat', 'motion_anchor_ori_b_mf_nonflat'][0m
RunningMeanStd:  (1645,)
[32m2026-08-29 04:00:15.354[0m | [1mINFO    [0m | [36m__main__[0m:[36mmain[0m:[36m433[0m - [1mLoading checkpoint from /home/linjiw/lucid/GR00T-WholeBodyControl/sonic_release/last.pt[0m
[32m2026-08-29 04:00:15.639[0m | [1mINFO    [0m | [36m__main__[0m:[36mmain[0m:[36m449[0m - [1mModel parameterization: std[0m
[32m2026-08-29 04:00:15.639[0m | [1mINFO    [0m | [36m__main__[0m:[36mmain[0m:[36m450[0m - [1mCheckpoint parameterization: std[0m
[32m2026-08-29 04:00:15.640[0m | [1mINFO    [0m | [36m__main__[0m:[36mmain[0m:[36m462[0m - [1mSuccessfully loaded policy state dict[0m
[32m2026-08-29 04:00:15.642[0m | [1mINFO    [0m | [36mgear_sonic.envs.wrapper.manager_env_wrapper[0m:[36mbegin_seq_motion_samples[0m:[36m1016[0m - [1mLoading motions for evaluation[0m
[32m2026-08-29 04:00:15.643[0m | [1mINFO    [0m | [36mgear_sonic.utils.motion_lib.motion_lib_base[0m:[36mload_motions[0m:[36m1091[0m - [1mLoading 24 motions...[0m
[32m2026-08-29 04:00:15.646[0m | [1mINFO    [0m | [36mgear_sonic.utils.motion_lib.motion_lib_base[0m:[36mload_motions[0m:[36m1092[0m - [1mSampling motion: tensor([0, 1, 2, 3, 4, 5, 6, 7, 8, 9], device='cuda:0'), ....[0m
[32m2026-08-29 04:00:15.646[0m | [1mINFO    [0m | [36mgear_sonic.utils.motion_lib.motion_lib_base[0m:[36mload_motions[0m:[36m1093[0m - [1mCurrent motion keys: ['neutral__s900', 'neutral__s901', 'neutral__s902', 'neutral__s903', 'duck-shallow__s900', 'duck-shallow__s901', 'duck-shallow__s902', 'duck-shallow__s903', 'duck__s900', 'duck__s901'], ....[0m
[32m2026-08-29 04:00:15.680[0m | [1mINFO    [0m | [36mgear_sonic.utils.motion_lib.motion_lib_base[0m:[36mload_motions[0m:[36m1140[0m - [1mLoading motions with 1 jobs...[0m
Loading motions... ━━━━━━━━━━━━━━━━━━━━━━━━━━━━━━━━━━━━━━━━ 100% 0:00:00
Gathering results... ━━━━━━━━━━━━━━━━━━━━━━━━━━━━━━━━━━━━━━━━   
Processing motions... ━━━━━━━━━━━━━━━━━━━━━━━━━━━━━━━━━━━━━━━━ 100% 0:00:00
[32m2026-08-29 04:00:16.142[0m | [1mINFO    [0m | [36mgear_sonic.utils.motion_lib.motion_lib_base[0m:[36mload_motions[0m:[36m1577[0m - [1mLoaded 24 motions with a total length of 190.560s and 9552 frames.[0m
============================================Evaluating policy============================================
!!!!!!! 24 24 0 0 Time: 04:00:55
Gathering eval tensors torch.Size([24, 29]) 0
Success Rate: 0.5000000000
Progress Rate: 0.5770519256
All:  mpjpe_g: 1468.664 	mpjpe_l: 64.448 	mpjpe_pa: 55.515 	accel_dist: 13.377 	vel_dist: 19.429 	mpjpe_g_legs: 1456.247 	mpjpe_l_legs: 57.055 	mpjpe_pa_legs: 37.288 	accel_dist_legs: 14.536 	vel_dist_legs: 20.153 	mpjpe_g_vr_3points: 1462.770 	mpjpe_l_vr_3points: 43.950 	mpjpe_pa_vr_3points: 14.828 	accel_dist_vr_3points: 13.005 	vel_dist_vr_3points: 19.196 	mpjpe_g_other_upper_bodies: 1487.101 	mpjpe_l_other_upper_bodies: 76.616 	mpjpe_pa_other_upper_bodies: 19.766 	accel_dist_other_upper_bodies: 12.209 	vel_dist_other_upper_bodies: 18.701 	mpjpe_g_foot: 1471.789 	mpjpe_l_foot: 47.995 	mpjpe_pa_foot: 0.000 	accel_dist_foot: 17.295 	vel_dist_foot: 21.739
Succ:  mpjpe_g: 2126.548 	mpjpe_l: 62.318 	mpjpe_pa: 54.806 	accel_dist: 2.052 	vel_dist: 12.937 	mpjpe_g_legs: 2111.025 	mpjpe_l_legs: 50.501 	mpjpe_pa_legs: 34.810 	accel_dist_legs: 2.451 	vel_dist_legs: 13.162 	mpjpe_g_vr_3points: 2114.779 	mpjpe_l_vr_3points: 36.943 	mpjpe_pa_vr_3points: 14.315 	accel_dist_vr_3points: 2.027 	vel_dist_vr_3points: 12.866 	mpjpe_g_other_upper_bodies: 2152.237 	mpjpe_l_other_upper_bodies: 84.877 	mpjpe_pa_other_upper_bodies: 19.401 	accel_dist_other_upper_bodies: 1.586 	vel_dist_other_upper_bodies: 12.709 	mpjpe_g_foot: 2119.946 	mpjpe_l_foot: 48.820 	mpjpe_pa_foot: 0.000 	accel_dist_foot: 3.600 	vel_dist_foot: 13.598
Saving metrics_eval to /home/linjiw/scene2motion/outputs/exp011/metrics_eval.json

2026-08-29 04:00:00.977 | WARNING  | gear_sonic.utils.config_utils:register_rl_resolvers:20 - Warning: Some resolvers already registered: resolver 'eval' is already registered
/home/linjiw/lucid/GR00T-WholeBodyControl/gear_sonic/eval_agent_trl.py:61: UserWarning: 
The version_base parameter is not specified.
Please specify a compatability version level, or None.
Will assume defaults for version 1.1
  @hydra.main(config_path="config", config_name="base_eval")
/home/linjiw/isaaclab-install/env_isaaclab/lib/python3.11/site-packages/hydra/_internal/hydra.py:119: UserWarning: Future Hydra versions will no longer change working directory at job runtime by default.
See https://hydra.cc/docs/1.2/upgrades/1.1_to_1.2/changes_to_job_working_dir/ for more information.
  ret = run_job(
/home/linjiw/lucid/GR00T-WholeBodyControl/gear_sonic/trl/trainer/ppo_trainer.py:15: TRLExperimentalWarning: You are importing from 'trl.experimental'. APIs here are unstable and may change or be removed without notice. Silence this warning by setting environment variable TRL_EXPERIMENTAL_SILENCE=1.
  from trl.experimental.ppo import ppo_trainer

Total evaluation progress:   0%|          | 0/1 [00:00<?, ?it/s]

Sequence progress:   0%|          | 0/398 [00:00<?, ?it/s][A/home/linjiw/isaaclab-install/env_isaaclab/lib/python3.11/site-packages/numpy/core/fromnumeric.py:3504: RuntimeWarning: Mean of empty slice.
  return _methods._mean(a, axis=axis, dtype=dtype,
/home/linjiw/isaaclab-install/env_isaaclab/lib/python3.11/site-packages/numpy/core/_methods.py:129: RuntimeWarning: invalid value encountered in scalar divide
  ret = ret.dtype.type(ret / rcount)

Terminated: 0 | max frames: 398 | steps 1 | env_loop: 0 | eval_time: 0.0m | Start: 0 | Succ rate: 0.000 | Mpjpe: nan:   0%|          | 0/1 [00:00<?, ?it/s]
Terminated: 0 | max frames: 398 | steps 2 | env_loop: 0 | eval_time: 0.0m | Start: 0 | Succ rate: 0.000 | Mpjpe: nan:   0%|          | 0/1 [00:00<?, ?it/s]

Sequence progress:   1%|          | 3/398 [00:00<00:23, 16.52it/s][A
Terminated: 0 | max frames: 398 | steps 3 | env_loop: 0 | eval_time: 0.0m | Start: 0 | Succ rate: 0.000 | Mpjpe: nan:   0%|          | 0/1 [00:00<?, ?it/s]
Terminated: 0 | max frames: 398 | steps 4 | env_loop: 0 | eval_time: 0.0m | Start: 0 | Succ rate: 0.000 | Mpjpe: nan:   0%|          | 0/1 [00:00<?, ?it/s]

Sequence progress:   1%|▏         | 5/398 [00:00<00:29, 13.44it/s][A
Terminated: 0 | max frames: 398 | steps 5 | env_loop: 0 | eval_time: 0.0m | Start: 0 | Succ rate: 0.000 | Mpjpe: nan:   0%|          | 0/1 [00:00<?, ?it/s]
Terminated: 0 | max frames: 398 | steps 6 | env_loop: 0 | eval_time: 0.0m | Start: 0 | Succ rate: 0.000 | Mpjpe: nan:   0%|          | 0/1 [00:00<?, ?it/s]

Sequence progress:   2%|▏         | 7/398 [00:00<00:33, 11.82it/s][A
Terminated: 1 | max frames: 398 | steps 7 | env_loop: 0 | eval_time: 0.0m | Start: 0 | Succ rate: 0.000 | Mpjpe: nan:   0%|          | 0/1 [00:01<?, ?it/s]
Terminated: 1 | max frames: 398 | steps 8 | env_loop: 0 | eval_time: 0.0m | Start: 0 | Succ rate: 0.000 | Mpjpe: nan:   0%|          | 0/1 [00:01<?, ?it/s]

Sequence progress:   2%|▏         | 9/398 [00:00<00:35, 10.97it/s][A
Terminated: 2 | max frames: 398 | steps 9 | env_loop: 0 | eval_time: 0.0m | Start: 0 | Succ rate: 0.000 | Mpjpe: nan:   0%|          | 0/1 [00:01<?, ?it/s]
Terminated: 2 | max frames: 398 | steps 10 | env_loop: 0 | eval_time: 0.0m | Start: 0 | Succ rate: 0.000 | Mpjpe: nan:   0%|          | 0/1 [00:01<?, ?it/s]

Sequence progress:   3%|▎         | 11/398 [00:00<00:36, 10.68it/s][A
Terminated: 3 | max frames: 398 | steps 11 | env_loop: 0 | eval_time: 0.0m | Start: 0 | Succ rate: 0.000 | Mpjpe: nan:   0%|          | 0/1 [00:01<?, ?it/s]
Terminated: 3 | max frames: 398 | steps 12 | env_loop: 0 | eval_time: 0.0m | Start: 0 | Succ rate: 0.000 | Mpjpe: nan:   0%|          | 0/1 [00:01<?, ?it/s]

Sequence progress:   3%|▎         | 13/398 [00:01<00:34, 11.08it/s][A
Terminated: 3 | max frames: 398 | steps 13 | env_loop: 0 | eval_time: 0.0m | Start: 0 | Succ rate: 0.000 | Mpjpe: nan:   0%|          | 0/1 [00:01<?, ?it/s]
Terminated: 3 | max frames: 398 | steps 14 | env_loop: 0 | eval_time: 0.0m | Start: 0 | Succ rate: 0.000 | Mpjpe: nan:   0%|          | 0/1 [00:01<?, ?it/s]

Sequence progress:   4%|▍         | 15/398 [00:01<00:33, 11.49it/s][A
Terminated: 3 | max frames: 398 | steps 15 | env_loop: 0 | eval_time: 0.0m | Start: 0 | Succ rate: 0.000 | Mpjpe: nan:   0%|          | 0/1 [00:01<?, ?it/s]
Terminated: 4 | max frames: 398 | steps 16 | env_loop: 0 | eval_time: 0.0m | Start: 0 | Succ rate: 0.000 | Mpjpe: nan:   0%|          | 0/1 [00:01<?, ?it/s]

Sequence progress:   4%|▍         | 17/398 [00:01<00:33, 11.53it/s][A
Terminated: 4 | max frames: 398 | steps 17 | env_loop: 0 | eval_time: 0.0m | Start: 0 | Succ rate: 0.000 | Mpjpe: nan:   0%|          | 0/1 [00:01<?, ?it/s]
Terminated: 5 | max frames: 398 | steps 18 | env_loop: 0 | eval_time: 0.0m | Start: 0 | Succ rate: 0.000 | Mpjpe: nan:   0%|          | 0/1 [00:02<?, ?it/s]

Sequence progress:   5%|▍         | 19/398 [00:01<00:33, 11.46it/s][A
Terminated: 5 | max frames: 398 | steps 19 | env_loop: 0 | eval_time: 0.0m | Start: 0 | Succ rate: 0.000 | Mpjpe: nan:   0%|          | 0/1 [00:02<?, ?it/s]
Terminated: 5 | max frames: 398 | steps 20 | env_loop: 0 | eval_time: 0.0m | Start: 0 | Succ rate: 0.000 | Mpjpe: nan:   0%|          | 0/1 [00:02<?, ?it/s]

Sequence progress:   5%|▌         | 21/398 [00:02<00:48,  7.79it/s][A
Terminated: 5 | max frames: 398 | steps 21 | env_loop: 0 | eval_time: 0.0m | Start: 0 | Succ rate: 0.000 | Mpjpe: nan:   0%|          | 0/1 [00:02<?, ?it/s]
Terminated: 5 | max frames: 398 | steps 22 | env_loop: 0 | eval_time: 0.0m | Start: 0 | Succ rate: 0.000 | Mpjpe: nan:   0%|          | 0/1 [00:02<?, ?it/s]

Sequence progress:   6%|▌         | 23/398 [00:02<00:41,  9.11it/s][A
Terminated: 5 | max frames: 398 | steps 23 | env_loop: 0 | eval_time: 0.0m | Start: 0 | Succ rate: 0.000 | Mpjpe: nan:   0%|          | 0/1 [00:02<?, ?it/s]
Terminated: 5 | max frames: 398 | steps 24 | env_loop: 0 | eval_time: 0.0m | Start: 0 | Succ rate: 0.000 | Mpjpe: nan:   0%|          | 0/1 [00:02<?, ?it/s]

Sequence progress:   6%|▋         | 25/398 [00:02<00:37, 10.00it/s][A
Terminated: 5 | max frames: 398 | steps 25 | env_loop: 0 | eval_time: 0.0m | Start: 0 | Succ rate: 0.000 | Mpjpe: nan:   0%|          | 0/1 [00:02<?, ?it/s]
Terminated: 5 | max frames: 398 | steps 26 | env_loop: 0 | eval_time: 0.0m | Start: 0 | Succ rate: 0.000 | Mpjpe: nan:   0%|          | 0/1 [00:02<?, ?it/s]

Sequence progress:   7%|▋         | 27/398 [00:02<00:36, 10.08it/s][A
Terminated: 5 | max frames: 398 | steps 27 | env_loop: 0 | eval_time: 0.1m | Start: 0 | Succ rate: 0.000 | Mpjpe: nan:   0%|          | 0/1 [00:03<?, ?it/s]
Terminated: 5 | max frames: 398 | steps 28 | env_loop: 0 | eval_time: 0.1m | Start: 0 | Succ rate: 0.000 | Mpjpe: nan:   0%|          | 0/1 [00:03<?, ?it/s]

Sequence progress:   7%|▋         | 29/398 [00:02<00:33, 11.09it/s][A
Terminated: 5 | max frames: 398 | steps 29 | env_loop: 0 | eval_time: 0.1m | Start: 0 | Succ rate: 0.000 | Mpjpe: nan:   0%|          | 0/1 [00:03<?, ?it/s]
Terminated: 5 | max frames: 398 | steps 30 | env_loop: 0 | eval_time: 0.1m | Start: 0 | Succ rate: 0.000 | Mpjpe: nan:   0%|          | 0/1 [00:03<?, ?it/s]

Sequence progress:   8%|▊         | 31/398 [00:02<00:31, 11.60it/s][A
Terminated: 5 | max frames: 398 | steps 31 | env_loop: 0 | eval_time: 0.1m | Start: 0 | Succ rate: 0.000 | Mpjpe: nan:   0%|          | 0/1 [00:03<?, ?it/s]
Terminated: 5 | max frames: 398 | steps 32 | env_loop: 0 | eval_time: 0.1m | Start: 0 | Succ rate: 0.000 | Mpjpe: nan:   0%|          | 0/1 [00:03<?, ?it/s]

Sequence progress:   8%|▊         | 33/398 [00:03<00:32, 11.32it/s][A
Terminated: 5 | max frames: 398 | steps 33 | env_loop: 0 | eval_time: 0.1m | Start: 0 | Succ rate: 0.000 | Mpjpe: nan:   0%|          | 0/1 [00:03<?, ?it/s]
Terminated: 5 | max frames: 398 | steps 34 | env_loop: 0 | eval_time: 0.1m | Start: 0 | Succ rate: 0.000 | Mpjpe: nan:   0%|          | 0/1 [00:03<?, ?it/s]

Sequence progress:   9%|▉         | 35/398 [00:03<00:31, 11.57it/s][A
Terminated: 5 | max frames: 398 | steps 35 | env_loop: 0 | eval_time: 0.1m | Start: 0 | Succ rate: 0.000 | Mpjpe: nan:   0%|          | 0/1 [00:03<?, ?it/s]
Terminated: 5 | max frames: 398 | steps 36 | env_loop: 0 | eval_time: 0.1m | Start: 0 | Succ rate: 0.000 | Mpjpe: nan:   0%|          | 0/1 [00:03<?, ?it/s]

Sequence progress:   9%|▉         | 37/398 [00:03<00:30, 11.76it/s][A
Terminated: 5 | max frames: 398 | steps 37 | env_loop: 0 | eval_time: 0.1m | Start: 0 | Succ rate: 0.000 | Mpjpe: nan:   0%|          | 0/1 [00:03<?, ?it/s]
Terminated: 5 | max frames: 398 | steps 38 | env_loop: 0 | eval_time: 0.1m | Start: 0 | Succ rate: 0.000 | Mpjpe: nan:   0%|          | 0/1 [00:03<?, ?it/s]

Sequence progress:  10%|▉         | 39/398 [00:03<00:31, 11.53it/s][A
Terminated: 5 | max frames: 398 | steps 39 | env_loop: 0 | eval_time: 0.1m | Start: 0 | Succ rate: 0.000 | Mpjpe: nan:   0%|          | 0/1 [00:04<?, ?it/s]
Terminated: 5 | max frames: 398 | steps 40 | env_loop: 0 | eval_time: 0.1m | Start: 0 | Succ rate: 0.000 | Mpjpe: nan:   0%|          | 0/1 [00:04<?, ?it/s]

Sequence progress:  10%|█         | 41/398 [00:03<00:45,  7.84it/s][A
Terminated: 5 | max frames: 398 | steps 41 | env_loop: 0 | eval_time: 0.1m | Start: 0 | Succ rate: 0.000 | Mpjpe: nan:   0%|          | 0/1 [00:04<?, ?it/s]
Terminated: 5 | max frames: 398 | steps 42 | env_loop: 0 | eval_time: 0.1m | Start: 0 | Succ rate: 0.000 | Mpjpe: nan:   0%|          | 0/1 [00:04<?, ?it/s]

Sequence progress:  11%|█         | 43/398 [00:04<00:38,  9.27it/s][A
Terminated: 5 | max frames: 398 | steps 43 | env_loop: 0 | eval_time: 0.1m | Start: 0 | Succ rate: 0.000 | Mpjpe: nan:   0%|          | 0/1 [00:04<?, ?it/s]
Terminated: 5 | max frames: 398 | steps 44 | env_loop: 0 | eval_time: 0.1m | Start: 0 | Succ rate: 0.000 | Mpjpe: nan:   0%|          | 0/1 [00:04<?, ?it/s]

Sequence progress:  11%|█▏        | 45/398 [00:04<00:36,  9.77it/s][A
Terminated: 5 | max frames: 398 | steps 45 | env_loop: 0 | eval_time: 0.1m | Start: 0 | Succ rate: 0.000 | Mpjpe: nan:   0%|          | 0/1 [00:04<?, ?it/s]
Terminated: 6 | max frames: 398 | steps 46 | env_loop: 0 | eval_time: 0.1m | Start: 0 | Succ rate: 0.000 | Mpjpe: nan:   0%|          | 0/1 [00:04<?, ?it/s]

Sequence progress:  12%|█▏        | 47/398 [00:04<00:35,  9.99it/s][A
Terminated: 6 | max frames: 398 | steps 47 | env_loop: 0 | eval_time: 0.1m | Start: 0 | Succ rate: 0.000 | Mpjpe: nan:   0%|          | 0/1 [00:04<?, ?it/s]
Terminated: 6 | max frames: 398 | steps 48 | env_loop: 0 | eval_time: 0.1m | Start: 0 | Succ rate: 0.000 | Mpjpe: nan:   0%|          | 0/1 [00:05<?, ?it/s]

Sequence progress:  12%|█▏        | 49/398 [00:04<00:31, 11.05it/s][A
Terminated: 6 | max frames: 398 | steps 49 | env_loop: 0 | eval_time: 0.1m | Start: 0 | Succ rate: 0.000 | Mpjpe: nan:   0%|          | 0/1 [00:05<?, ?it/s]
Terminated: 6 | max frames: 398 | steps 50 | env_loop: 0 | eval_time: 0.1m | Start: 0 | Succ rate: 0.000 | Mpjpe: nan:   0%|          | 0/1 [00:05<?, ?it/s]

Sequence progress:  13%|█▎        | 51/398 [00:04<00:30, 11.55it/s][A
Terminated: 6 | max frames: 398 | steps 51 | env_loop: 0 | eval_time: 0.1m | Start: 0 | Succ rate: 0.000 | Mpjpe: nan:   0%|          | 0/1 [00:05<?, ?it/s]
Terminated: 6 | max frames: 398 | steps 52 | env_loop: 0 | eval_time: 0.1m | Start: 0 | Succ rate: 0.000 | Mpjpe: nan:   0%|          | 0/1 [00:05<?, ?it/s]

Sequence progress:  13%|█▎        | 53/398 [00:04<00:31, 11.09it/s][A
Terminated: 6 | max frames: 398 | steps 53 | env_loop: 0 | eval_time: 0.1m | Start: 0 | Succ rate: 0.000 | Mpjpe: nan:   0%|          | 0/1 [00:05<?, ?it/s]
Terminated: 6 | max frames: 398 | steps 54 | env_loop: 0 | eval_time: 0.1m | Start: 0 | Succ rate: 0.000 | Mpjpe: nan:   0%|          | 0/1 [00:05<?, ?it/s]

Sequence progress:  14%|█▍        | 55/398 [00:05<00:28, 11.94it/s][A
Terminated: 6 | max frames: 398 | steps 55 | env_loop: 0 | eval_time: 0.1m | Start: 0 | Succ rate: 0.000 | Mpjpe: nan:   0%|          | 0/1 [00:05<?, ?it/s]
Terminated: 6 | max frames: 398 | steps 56 | env_loop: 0 | eval_time: 0.1m | Start: 0 | Succ rate: 0.000 | Mpjpe: nan:   0%|          | 0/1 [00:05<?, ?it/s]

Sequence progress:  14%|█▍        | 57/398 [00:05<00:28, 11.81it/s][A
Terminated: 6 | max frames: 398 | steps 57 | env_loop: 0 | eval_time: 0.1m | Start: 0 | Succ rate: 0.000 | Mpjpe: nan:   0%|          | 0/1 [00:05<?, ?it/s]
Terminated: 6 | max frames: 398 | steps 58 | env_loop: 0 | eval_time: 0.1m | Start: 0 | Succ rate: 0.000 | Mpjpe: nan:   0%|          | 0/1 [00:05<?, ?it/s]

Sequence progress:  15%|█▍        | 59/398 [00:05<00:28, 11.70it/s][A
Terminated: 6 | max frames: 398 | steps 59 | env_loop: 0 | eval_time: 0.1m | Start: 0 | Succ rate: 0.000 | Mpjpe: nan:   0%|          | 0/1 [00:05<?, ?it/s]
Terminated: 6 | max frames: 398 | steps 60 | env_loop: 0 | eval_time: 0.1m | Start: 0 | Succ rate: 0.000 | Mpjpe: nan:   0%|          | 0/1 [00:06<?, ?it/s]

Sequence progress:  15%|█▌        | 61/398 [00:05<00:44,  7.62it/s][A
Terminated: 6 | max frames: 398 | steps 61 | env_loop: 0 | eval_time: 0.1m | Start: 0 | Succ rate: 0.000 | Mpjpe: nan:   0%|          | 0/1 [00:06<?, ?it/s]
Terminated: 6 | max frames: 398 | steps 62 | env_loop: 0 | eval_time: 0.1m | Start: 0 | Succ rate: 0.000 | Mpjpe: nan:   0%|          | 0/1 [00:06<?, ?it/s]

Sequence progress:  16%|█▌        | 63/398 [00:06<00:40,  8.34it/s][A
Terminated: 6 | max frames: 398 | steps 63 | env_loop: 0 | eval_time: 0.1m | Start: 0 | Succ rate: 0.000 | Mpjpe: nan:   0%|          | 0/1 [00:06<?, ?it/s]
Terminated: 6 | max frames: 398 | steps 64 | env_loop: 0 | eval_time: 0.1m | Start: 0 | Succ rate: 0.000 | Mpjpe: nan:   0%|          | 0/1 [00:06<?, ?it/s]

Sequence progress:  16%|█▋        | 65/398 [00:06<00:37,  8.95it/s][A
Terminated: 6 | max frames: 398 | steps 65 | env_loop: 0 | eval_time: 0.1m | Start: 0 | Succ rate: 0.000 | Mpjpe: nan:   0%|          | 0/1 [00:06<?, ?it/s]
Terminated: 6 | max frames: 398 | steps 66 | env_loop: 0 | eval_time: 0.1m | Start: 0 | Succ rate: 0.000 | Mpjpe: nan:   0%|          | 0/1 [00:06<?, ?it/s]

Sequence progress:  17%|█▋        | 67/398 [00:06<00:35,  9.28it/s][A
Terminated: 6 | max frames: 398 | steps 67 | env_loop: 0 | eval_time: 0.1m | Start: 0 | Succ rate: 0.000 | Mpjpe: nan:   0%|          | 0/1 [00:07<?, ?it/s]
Terminated: 6 | max frames: 398 | steps 68 | env_loop: 0 | eval_time: 0.1m | Start: 0 | Succ rate: 0.000 | Mpjpe: nan:   0%|          | 0/1 [00:07<?, ?it/s]

Sequence progress:  17%|█▋        | 69/398 [00:06<00:33,  9.85it/s][A
Terminated: 6 | max frames: 398 | steps 69 | env_loop: 0 | eval_time: 0.1m | Start: 0 | Succ rate: 0.000 | Mpjpe: nan:   0%|          | 0/1 [00:07<?, ?it/s]
Terminated: 6 | max frames: 398 | steps 70 | env_loop: 0 | eval_time: 0.1m | Start: 0 | Succ rate: 0.000 | Mpjpe: nan:   0%|          | 0/1 [00:07<?, ?it/s]

Sequence progress:  18%|█▊        | 71/398 [00:06<00:31, 10.34it/s][A
Terminated: 6 | max frames: 398 | steps 71 | env_loop: 0 | eval_time: 0.1m | Start: 0 | Succ rate: 0.000 | Mpjpe: nan:   0%|          | 0/1 [00:07<?, ?it/s]
Terminated: 6 | max frames: 398 | steps 72 | env_loop: 0 | eval_time: 0.1m | Start: 0 | Succ rate: 0.000 | Mpjpe: nan:   0%|          | 0/1 [00:07<?, ?it/s]

Sequence progress:  18%|█▊        | 73/398 [00:07<00:29, 10.95it/s][A
Terminated: 6 | max frames: 398 | steps 73 | env_loop: 0 | eval_time: 0.1m | Start: 0 | Succ rate: 0.000 | Mpjpe: nan:   0%|          | 0/1 [00:07<?, ?it/s]
Terminated: 6 | max frames: 398 | steps 74 | env_loop: 0 | eval_time: 0.1m | Start: 0 | Succ rate: 0.000 | Mpjpe: nan:   0%|          | 0/1 [00:07<?, ?it/s]

Sequence progress:  19%|█▉        | 75/398 [00:07<00:27, 11.60it/s][A
Terminated: 6 | max frames: 398 | steps 75 | env_loop: 0 | eval_time: 0.1m | Start: 0 | Succ rate: 0.000 | Mpjpe: nan:   0%|          | 0/1 [00:07<?, ?it/s]
Terminated: 6 | max frames: 398 | steps 76 | env_loop: 0 | eval_time: 0.1m | Start: 0 | Succ rate: 0.000 | Mpjpe: nan:   0%|          | 0/1 [00:07<?, ?it/s]

Sequence progress:  19%|█▉        | 77/398 [00:07<00:28, 11.34it/s][A
Terminated: 6 | max frames: 398 | steps 77 | env_loop: 0 | eval_time: 0.1m | Start: 0 | Succ rate: 0.000 | Mpjpe: nan:   0%|          | 0/1 [00:07<?, ?it/s]
Terminated: 6 | max frames: 398 | steps 78 | env_loop: 0 | eval_time: 0.1m | Start: 0 | Succ rate: 0.000 | Mpjpe: nan:   0%|          | 0/1 [00:07<?, ?it/s]

Sequence progress:  20%|█▉        | 79/398 [00:07<00:27, 11.63it/s][A
Terminated: 7 | max frames: 398 | steps 79 | env_loop: 0 | eval_time: 0.1m | Start: 0 | Succ rate: 0.000 | Mpjpe: nan:   0%|          | 0/1 [00:08<?, ?it/s]
Terminated: 7 | max frames: 398 | steps 80 | env_loop: 0 | eval_time: 0.1m | Start: 0 | Succ rate: 0.000 | Mpjpe: nan:   0%|          | 0/1 [00:08<?, ?it/s]

Sequence progress:  20%|██        | 81/398 [00:07<00:41,  7.61it/s][A
Terminated: 7 | max frames: 398 | steps 81 | env_loop: 0 | eval_time: 0.1m | Start: 0 | Succ rate: 0.000 | Mpjpe: nan:   0%|          | 0/1 [00:08<?, ?it/s]
Terminated: 7 | max frames: 398 | steps 82 | env_loop: 0 | eval_time: 0.1m | Start: 0 | Succ rate: 0.000 | Mpjpe: nan:   0%|          | 0/1 [00:08<?, ?it/s]

Sequence progress:  21%|██        | 83/398 [00:08<00:34,  9.02it/s][A
Terminated: 7 | max frames: 398 | steps 83 | env_loop: 0 | eval_time: 0.1m | Start: 0 | Succ rate: 0.000 | Mpjpe: nan:   0%|          | 0/1 [00:08<?, ?it/s]
Terminated: 7 | max frames: 398 | steps 84 | env_loop: 0 | eval_time: 0.1m | Start: 0 | Succ rate: 0.000 | Mpjpe: nan:   0%|          | 0/1 [00:08<?, ?it/s]

Sequence progress:  21%|██▏       | 85/398 [00:08<00:32,  9.53it/s][A
Terminated: 7 | max frames: 398 | steps 85 | env_loop: 0 | eval_time: 0.1m | Start: 0 | Succ rate: 0.000 | Mpjpe: nan:   0%|          | 0/1 [00:08<?, ?it/s]
Terminated: 7 | max frames: 398 | steps 86 | env_loop: 0 | eval_time: 0.1m | Start: 0 | Succ rate: 0.000 | Mpjpe: nan:   0%|          | 0/1 [00:08<?, ?it/s]

Sequence progress:  22%|██▏       | 87/398 [00:08<00:30, 10.21it/s][A
Terminated: 7 | max frames: 398 | steps 87 | env_loop: 0 | eval_time: 0.1m | Start: 0 | Succ rate: 0.000 | Mpjpe: nan:   0%|          | 0/1 [00:08<?, ?it/s]
Terminated: 7 | max frames: 398 | steps 88 | env_loop: 0 | eval_time: 0.2m | Start: 0 | Succ rate: 0.000 | Mpjpe: nan:   0%|          | 0/1 [00:09<?, ?it/s]

Sequence progress:  22%|██▏       | 89/398 [00:08<00:27, 11.09it/s][A
Terminated: 7 | max frames: 398 | steps 89 | env_loop: 0 | eval_time: 0.2m | Start: 0 | Succ rate: 0.000 | Mpjpe: nan:   0%|          | 0/1 [00:09<?, ?it/s]
Terminated: 7 | max frames: 398 | steps 90 | env_loop: 0 | eval_time: 0.2m | Start: 0 | Succ rate: 0.000 | Mpjpe: nan:   0%|          | 0/1 [00:09<?, ?it/s]

Sequence progress:  23%|██▎       | 91/398 [00:08<00:27, 11.33it/s][A
Terminated: 7 | max frames: 398 | steps 91 | env_loop: 0 | eval_time: 0.2m | Start: 0 | Succ rate: 0.000 | Mpjpe: nan:   0%|          | 0/1 [00:09<?, ?it/s]
Terminated: 7 | max frames: 398 | steps 92 | env_loop: 0 | eval_time: 0.2m | Start: 0 | Succ rate: 0.000 | Mpjpe: nan:   0%|          | 0/1 [00:09<?, ?it/s]

Sequence progress:  23%|██▎       | 93/398 [00:08<00:25, 12.01it/s][A
Terminated: 7 | max frames: 398 | steps 93 | env_loop: 0 | eval_time: 0.2m | Start: 0 | Succ rate: 0.000 | Mpjpe: nan:   0%|          | 0/1 [00:09<?, ?it/s]
Terminated: 7 | max frames: 398 | steps 94 | env_loop: 0 | eval_time: 0.2m | Start: 0 | Succ rate: 0.000 | Mpjpe: nan:   0%|          | 0/1 [00:09<?, ?it/s]

Sequence progress:  24%|██▍       | 95/398 [00:09<00:26, 11.56it/s][A
Terminated: 7 | max frames: 398 | steps 95 | env_loop: 0 | eval_time: 0.2m | Start: 0 | Succ rate: 0.000 | Mpjpe: nan:   0%|          | 0/1 [00:09<?, ?it/s]
Terminated: 7 | max frames: 398 | steps 96 | env_loop: 0 | eval_time: 0.2m | Start: 0 | Succ rate: 0.000 | Mpjpe: nan:   0%|          | 0/1 [00:09<?, ?it/s]

Sequence progress:  24%|██▍       | 97/398 [00:09<00:25, 11.64it/s][A
Terminated: 7 | max frames: 398 | steps 97 | env_loop: 0 | eval_time: 0.2m | Start: 0 | Succ rate: 0.000 | Mpjpe: nan:   0%|          | 0/1 [00:09<?, ?it/s]
Terminated: 7 | max frames: 398 | steps 98 | env_loop: 0 | eval_time: 0.2m | Start: 0 | Succ rate: 0.000 | Mpjpe: nan:   0%|          | 0/1 [00:09<?, ?it/s]

Sequence progress:  25%|██▍       | 99/398 [00:09<00:24, 12.41it/s][A
Terminated: 7 | max frames: 398 | steps 99 | env_loop: 0 | eval_time: 0.2m | Start: 0 | Succ rate: 0.000 | Mpjpe: nan:   0%|          | 0/1 [00:09<?, ?it/s]
Terminated: 7 | max frames: 398 | steps 100 | env_loop: 0 | eval_time: 0.2m | Start: 0 | Succ rate: 0.000 | Mpjpe: nan:   0%|          | 0/1 [00:10<?, ?it/s]

Sequence progress:  25%|██▌       | 101/398 [00:09<00:39,  7.50it/s][A
Terminated: 8 | max frames: 398 | steps 101 | env_loop: 0 | eval_time: 0.2m | Start: 0 | Succ rate: 0.000 | Mpjpe: nan:   0%|          | 0/1 [00:10<?, ?it/s]
Terminated: 8 | max frames: 398 | steps 102 | env_loop: 0 | eval_time: 0.2m | Start: 0 | Succ rate: 0.000 | Mpjpe: nan:   0%|          | 0/1 [00:10<?, ?it/s]

Sequence progress:  26%|██▌       | 103/398 [00:10<00:35,  8.25it/s][A
Terminated: 9 | max frames: 398 | steps 103 | env_loop: 0 | eval_time: 0.2m | Start: 0 | Succ rate: 0.000 | Mpjpe: nan:   0%|          | 0/1 [00:10<?, ?it/s]
Terminated: 9 | max frames: 398 | steps 104 | env_loop: 0 | eval_time: 0.2m | Start: 0 | Succ rate: 0.000 | Mpjpe: nan:   0%|          | 0/1 [00:10<?, ?it/s]

Sequence progress:  26%|██▋       | 105/398 [00:10<00:30,  9.65it/s][A
Terminated: 9 | max frames: 398 | steps 105 | env_loop: 0 | eval_time: 0.2m | Start: 0 | Succ rate: 0.000 | Mpjpe: nan:   0%|          | 0/1 [00:10<?, ?it/s]
Terminated: 9 | max frames: 398 | steps 106 | env_loop: 0 | eval_time: 0.2m | Start: 0 | Succ rate: 0.000 | Mpjpe: nan:   0%|          | 0/1 [00:10<?, ?it/s]

Sequence progress:  27%|██▋       | 107/398 [00:10<00:28, 10.07it/s][A
Terminated: 9 | max frames: 398 | steps 107 | env_loop: 0 | eval_time: 0.2m | Start: 0 | Succ rate: 0.000 | Mpjpe: nan:   0%|          | 0/1 [00:10<?, ?it/s]
Terminated: 9 | max frames: 398 | steps 108 | env_loop: 0 | eval_time: 0.2m | Start: 0 | Succ rate: 0.000 | Mpjpe: nan:   0%|          | 0/1 [00:10<?, ?it/s]

Sequence progress:  27%|██▋       | 109/398 [00:10<00:25, 11.19it/s][A
Terminated: 9 | max frames: 398 | steps 109 | env_loop: 0 | eval_time: 0.2m | Start: 0 | Succ rate: 0.000 | Mpjpe: nan:   0%|          | 0/1 [00:11<?, ?it/s]
Terminated: 9 | max frames: 398 | steps 110 | env_loop: 0 | eval_time: 0.2m | Start: 0 | Succ rate: 0.000 | Mpjpe: nan:   0%|          | 0/1 [00:11<?, ?it/s]

Sequence progress:  28%|██▊       | 111/398 [00:10<00:24, 11.57it/s][A
Terminated: 9 | max frames: 398 | steps 111 | env_loop: 0 | eval_time: 0.2m | Start: 0 | Succ rate: 0.000 | Mpjpe: nan:   0%|          | 0/1 [00:11<?, ?it/s]
Terminated: 9 | max frames: 398 | steps 112 | env_loop: 0 | eval_time: 0.2m | Start: 0 | Succ rate: 0.000 | Mpjpe: nan:   0%|          | 0/1 [00:11<?, ?it/s]

Sequence progress:  28%|██▊       | 113/398 [00:10<00:25, 11.34it/s][A
Terminated: 9 | max frames: 398 | steps 113 | env_loop: 0 | eval_time: 0.2m | Start: 0 | Succ rate: 0.000 | Mpjpe: nan:   0%|          | 0/1 [00:11<?, ?it/s]
Terminated: 9 | max frames: 398 | steps 114 | env_loop: 0 | eval_time: 0.2m | Start: 0 | Succ rate: 0.000 | Mpjpe: nan:   0%|          | 0/1 [00:11<?, ?it/s]

Sequence progress:  29%|██▉       | 115/398 [00:11<00:24, 11.71it/s][A
Terminated: 9 | max frames: 398 | steps 115 | env_loop: 0 | eval_time: 0.2m | Start: 0 | Succ rate: 0.000 | Mpjpe: nan:   0%|          | 0/1 [00:11<?, ?it/s]
Terminated: 10 | max frames: 398 | steps 116 | env_loop: 0 | eval_time: 0.2m | Start: 0 | Succ rate: 0.000 | Mpjpe: nan:   0%|          | 0/1 [00:11<?, ?it/s]

Sequence progress:  29%|██▉       | 117/398 [00:11<00:23, 12.04it/s][A
Terminated: 10 | max frames: 398 | steps 117 | env_loop: 0 | eval_time: 0.2m | Start: 0 | Succ rate: 0.000 | Mpjpe: nan:   0%|          | 0/1 [00:11<?, ?it/s]
Terminated: 11 | max frames: 398 | steps 118 | env_loop: 0 | eval_time: 0.2m | Start: 0 | Succ rate: 0.000 | Mpjpe: nan:   0%|          | 0/1 [00:11<?, ?it/s]

Sequence progress:  30%|██▉       | 119/398 [00:11<00:23, 11.64it/s][A
Terminated: 11 | max frames: 398 | steps 119 | env_loop: 0 | eval_time: 0.2m | Start: 0 | Succ rate: 0.000 | Mpjpe: nan:   0%|          | 0/1 [00:11<?, ?it/s]
Terminated: 11 | max frames: 398 | steps 120 | env_loop: 0 | eval_time: 0.2m | Start: 0 | Succ rate: 0.000 | Mpjpe: nan:   0%|          | 0/1 [00:11<?, ?it/s]

Sequence progress:  30%|███       | 121/398 [00:11<00:36,  7.50it/s][A
Terminated: 11 | max frames: 398 | steps 121 | env_loop: 0 | eval_time: 0.2m | Start: 0 | Succ rate: 0.000 | Mpjpe: nan:   0%|          | 0/1 [00:12<?, ?it/s]
Terminated: 11 | max frames: 398 | steps 122 | env_loop: 0 | eval_time: 0.2m | Start: 0 | Succ rate: 0.000 | Mpjpe: nan:   0%|          | 0/1 [00:12<?, ?it/s]

Sequence progress:  31%|███       | 123/398 [00:12<00:34,  8.07it/s][A
Terminated: 11 | max frames: 398 | steps 123 | env_loop: 0 | eval_time: 0.2m | Start: 0 | Succ rate: 0.000 | Mpjpe: nan:   0%|          | 0/1 [00:12<?, ?it/s]

Sequence progress:  31%|███       | 124/398 [00:12<00:33,  8.15it/s][A
Terminated: 12 | max frames: 398 | steps 124 | env_loop: 0 | eval_time: 0.2m | Start: 0 | Succ rate: 0.000 | Mpjpe: nan:   0%|          | 0/1 [00:12<?, ?it/s]
Terminated: 12 | max frames: 398 | steps 125 | env_loop: 0 | eval_time: 0.2m | Start: 0 | Succ rate: 0.000 | Mpjpe: nan:   0%|          | 0/1 [00:12<?, ?it/s]

Sequence progress:  32%|███▏      | 126/398 [00:12<00:29,  9.12it/s][A
Terminated: 12 | max frames: 398 | steps 126 | env_loop: 0 | eval_time: 0.2m | Start: 0 | Succ rate: 0.000 | Mpjpe: nan:   0%|          | 0/1 [00:12<?, ?it/s]
Terminated: 12 | max frames: 398 | steps 127 | env_loop: 0 | eval_time: 0.2m | Start: 0 | Succ rate: 0.000 | Mpjpe: nan:   0%|          | 0/1 [00:12<?, ?it/s]

Sequence progress:  32%|███▏      | 128/398 [00:12<00:27,  9.73it/s][A
Terminated: 12 | max frames: 398 | steps 128 | env_loop: 0 | eval_time: 0.2m | Start: 0 | Succ rate: 0.000 | Mpjpe: nan:   0%|          | 0/1 [00:13<?, ?it/s]
Terminated: 12 | max frames: 398 | steps 129 | env_loop: 0 | eval_time: 0.2m | Start: 0 | Succ rate: 0.000 | Mpjpe: nan:   0%|          | 0/1 [00:13<?, ?it/s]

Sequence progress:  33%|███▎      | 130/398 [00:12<00:25, 10.48it/s][A
Terminated: 12 | max frames: 398 | steps 130 | env_loop: 0 | eval_time: 0.2m | Start: 0 | Succ rate: 0.000 | Mpjpe: nan:   0%|          | 0/1 [00:13<?, ?it/s]
Terminated: 12 | max frames: 398 | steps 131 | env_loop: 0 | eval_time: 0.2m | Start: 0 | Succ rate: 0.000 | Mpjpe: nan:   0%|          | 0/1 [00:13<?, ?it/s]

Sequence progress:  33%|███▎      | 132/398 [00:12<00:23, 11.37it/s][A
Terminated: 12 | max frames: 398 | steps 132 | env_loop: 0 | eval_time: 0.2m | Start: 0 | Succ rate: 0.000 | Mpjpe: nan:   0%|          | 0/1 [00:13<?, ?it/s]
Terminated: 12 | max frames: 398 | steps 133 | env_loop: 0 | eval_time: 0.2m | Start: 0 | Succ rate: 0.000 | Mpjpe: nan:   0%|          | 0/1 [00:13<?, ?it/s]

Sequence progress:  34%|███▎      | 134/398 [00:13<00:23, 11.15it/s][A
Terminated: 12 | max frames: 398 | steps 134 | env_loop: 0 | eval_time: 0.2m | Start: 0 | Succ rate: 0.000 | Mpjpe: nan:   0%|          | 0/1 [00:13<?, ?it/s]
Terminated: 12 | max frames: 398 | steps 135 | env_loop: 0 | eval_time: 0.2m | Start: 0 | Succ rate: 0.000 | Mpjpe: nan:   0%|          | 0/1 [00:13<?, ?it/s]

Sequence progress:  34%|███▍      | 136/398 [00:13<00:22, 11.54it/s][A
Terminated: 12 | max frames: 398 | steps 136 | env_loop: 0 | eval_time: 0.2m | Start: 0 | Succ rate: 0.000 | Mpjpe: nan:   0%|          | 0/1 [00:13<?, ?it/s]
Terminated: 12 | max frames: 398 | steps 137 | env_loop: 0 | eval_time: 0.2m | Start: 0 | Succ rate: 0.000 | Mpjpe: nan:   0%|          | 0/1 [00:13<?, ?it/s]

Sequence progress:  35%|███▍      | 138/398 [00:13<00:21, 12.13it/s][A
Terminated: 12 | max frames: 398 | steps 138 | env_loop: 0 | eval_time: 0.2m | Start: 0 | Succ rate: 0.000 | Mpjpe: nan:   0%|          | 0/1 [00:13<?, ?it/s]
Terminated: 12 | max frames: 398 | steps 139 | env_loop: 0 | eval_time: 0.2m | Start: 0 | Succ rate: 0.000 | Mpjpe: nan:   0%|          | 0/1 [00:13<?, ?it/s]

Sequence progress:  35%|███▌      | 140/398 [00:13<00:21, 11.94it/s][A
Terminated: 12 | max frames: 398 | steps 140 | env_loop: 0 | eval_time: 0.2m | Start: 0 | Succ rate: 0.000 | Mpjpe: nan:   0%|          | 0/1 [00:13<?, ?it/s]
Terminated: 12 | max frames: 398 | steps 141 | env_loop: 0 | eval_time: 0.2m | Start: 0 | Succ rate: 0.000 | Mpjpe: nan:   0%|          | 0/1 [00:14<?, ?it/s]

Sequence progress:  36%|███▌      | 142/398 [00:13<00:32,  7.82it/s][A
Terminated: 12 | max frames: 398 | steps 142 | env_loop: 0 | eval_time: 0.2m | Start: 0 | Succ rate: 0.000 | Mpjpe: nan:   0%|          | 0/1 [00:14<?, ?it/s]
Terminated: 12 | max frames: 398 | steps 143 | env_loop: 0 | eval_time: 0.2m | Start: 0 | Succ rate: 0.000 | Mpjpe: nan:   0%|          | 0/1 [00:14<?, ?it/s]

Sequence progress:  36%|███▌      | 144/398 [00:14<00:29,  8.55it/s][A
Terminated: 12 | max frames: 398 | steps 144 | env_loop: 0 | eval_time: 0.2m | Start: 0 | Succ rate: 0.000 | Mpjpe: nan:   0%|          | 0/1 [00:14<?, ?it/s]
Terminated: 12 | max frames: 398 | steps 145 | env_loop: 0 | eval_time: 0.2m | Start: 0 | Succ rate: 0.000 | Mpjpe: nan:   0%|          | 0/1 [00:14<?, ?it/s]

Sequence progress:  37%|███▋      | 146/398 [00:14<00:25,  9.82it/s][A
Terminated: 12 | max frames: 398 | steps 146 | env_loop: 0 | eval_time: 0.2m | Start: 0 | Succ rate: 0.000 | Mpjpe: nan:   0%|          | 0/1 [00:14<?, ?it/s]
Terminated: 12 | max frames: 398 | steps 147 | env_loop: 0 | eval_time: 0.2m | Start: 0 | Succ rate: 0.000 | Mpjpe: nan:   0%|          | 0/1 [00:14<?, ?it/s]

Sequence progress:  37%|███▋      | 148/398 [00:14<00:23, 10.45it/s][A
Terminated: 12 | max frames: 398 | steps 148 | env_loop: 0 | eval_time: 0.2m | Start: 0 | Succ rate: 0.000 | Mpjpe: nan:   0%|          | 0/1 [00:14<?, ?it/s]
Terminated: 12 | max frames: 398 | steps 149 | env_loop: 0 | eval_time: 0.3m | Start: 0 | Succ rate: 0.000 | Mpjpe: nan:   0%|          | 0/1 [00:15<?, ?it/s]

Sequence progress:  38%|███▊      | 150/398 [00:14<00:23, 10.46it/s][A
Terminated: 12 | max frames: 398 | steps 150 | env_loop: 0 | eval_time: 0.3m | Start: 0 | Succ rate: 0.000 | Mpjpe: nan:   0%|          | 0/1 [00:15<?, ?it/s]
Terminated: 12 | max frames: 398 | steps 151 | env_loop: 0 | eval_time: 0.3m | Start: 0 | Succ rate: 0.000 | Mpjpe: nan:   0%|          | 0/1 [00:15<?, ?it/s]

Sequence progress:  38%|███▊      | 152/398 [00:14<00:22, 10.95it/s][A
Terminated: 12 | max frames: 398 | steps 152 | env_loop: 0 | eval_time: 0.3m | Start: 0 | Succ rate: 0.000 | Mpjpe: nan:   0%|          | 0/1 [00:15<?, ?it/s]
Terminated: 12 | max frames: 398 | steps 153 | env_loop: 0 | eval_time: 0.3m | Start: 0 | Succ rate: 0.000 | Mpjpe: nan:   0%|          | 0/1 [00:15<?, ?it/s]

Sequence progress:  39%|███▊      | 154/398 [00:14<00:21, 11.38it/s][A
Terminated: 12 | max frames: 398 | steps 154 | env_loop: 0 | eval_time: 0.3m | Start: 0 | Succ rate: 0.000 | Mpjpe: nan:   0%|          | 0/1 [00:15<?, ?it/s]
Terminated: 12 | max frames: 398 | steps 155 | env_loop: 0 | eval_time: 0.3m | Start: 0 | Succ rate: 0.000 | Mpjpe: nan:   0%|          | 0/1 [00:15<?, ?it/s]

Sequence progress:  39%|███▉      | 156/398 [00:15<00:21, 11.49it/s][A
Terminated: 12 | max frames: 398 | steps 156 | env_loop: 0 | eval_time: 0.3m | Start: 0 | Succ rate: 0.000 | Mpjpe: nan:   0%|          | 0/1 [00:15<?, ?it/s]
Terminated: 12 | max frames: 398 | steps 157 | env_loop: 0 | eval_time: 0.3m | Start: 0 | Succ rate: 0.000 | Mpjpe: nan:   0%|          | 0/1 [00:15<?, ?it/s]

Sequence progress:  40%|███▉      | 158/398 [00:15<00:19, 12.32it/s][A
Terminated: 12 | max frames: 398 | steps 158 | env_loop: 0 | eval_time: 0.3m | Start: 0 | Succ rate: 0.000 | Mpjpe: nan:   0%|          | 0/1 [00:15<?, ?it/s]
Terminated: 12 | max frames: 398 | steps 159 | env_loop: 0 | eval_time: 0.3m | Start: 0 | Succ rate: 0.000 | Mpjpe: nan:   0%|          | 0/1 [00:15<?, ?it/s]

Sequence progress:  40%|████      | 160/398 [00:15<00:19, 12.51it/s][A
Terminated: 12 | max frames: 398 | steps 160 | env_loop: 0 | eval_time: 0.3m | Start: 0 | Succ rate: 0.000 | Mpjpe: nan:   0%|          | 0/1 [00:15<?, ?it/s]
Terminated: 12 | max frames: 398 | steps 161 | env_loop: 0 | eval_time: 0.3m | Start: 0 | Succ rate: 0.000 | Mpjpe: nan:   0%|          | 0/1 [00:16<?, ?it/s]

Sequence progress:  41%|████      | 162/398 [00:15<00:29,  8.05it/s][A
Terminated: 12 | max frames: 398 | steps 162 | env_loop: 0 | eval_time: 0.3m | Start: 0 | Succ rate: 0.000 | Mpjpe: nan:   0%|          | 0/1 [00:16<?, ?it/s]
Terminated: 12 | max frames: 398 | steps 163 | env_loop: 0 | eval_time: 0.3m | Start: 0 | Succ rate: 0.000 | Mpjpe: nan:   0%|          | 0/1 [00:16<?, ?it/s]

Sequence progress:  41%|████      | 164/398 [00:16<00:26,  8.86it/s][A
Terminated: 12 | max frames: 398 | steps 164 | env_loop: 0 | eval_time: 0.3m | Start: 0 | Succ rate: 0.000 | Mpjpe: nan:   0%|          | 0/1 [00:16<?, ?it/s]
Terminated: 12 | max frames: 398 | steps 165 | env_loop: 0 | eval_time: 0.3m | Start: 0 | Succ rate: 0.000 | Mpjpe: nan:   0%|          | 0/1 [00:16<?, ?it/s]

Sequence progress:  42%|████▏     | 166/398 [00:16<00:23,  9.68it/s][A
Terminated: 12 | max frames: 398 | steps 166 | env_loop: 0 | eval_time: 0.3m | Start: 0 | Succ rate: 0.000 | Mpjpe: nan:   0%|          | 0/1 [00:16<?, ?it/s]
Terminated: 12 | max frames: 398 | steps 167 | env_loop: 0 | eval_time: 0.3m | Start: 0 | Succ rate: 0.000 | Mpjpe: nan:   0%|          | 0/1 [00:16<?, ?it/s]

Sequence progress:  42%|████▏     | 168/398 [00:16<00:22, 10.40it/s][A
Terminated: 12 | max frames: 398 | steps 168 | env_loop: 0 | eval_time: 0.3m | Start: 0 | Succ rate: 0.000 | Mpjpe: nan:   0%|          | 0/1 [00:16<?, ?it/s]
Terminated: 12 | max frames: 398 | steps 169 | env_loop: 0 | eval_time: 0.3m | Start: 0 | Succ rate: 0.000 | Mpjpe: nan:   0%|          | 0/1 [00:16<?, ?it/s]

Sequence progress:  43%|████▎     | 170/398 [00:16<00:21, 10.63it/s][A
Terminated: 12 | max frames: 398 | steps 170 | env_loop: 0 | eval_time: 0.3m | Start: 0 | Succ rate: 0.000 | Mpjpe: nan:   0%|          | 0/1 [00:17<?, ?it/s]
Terminated: 12 | max frames: 398 | steps 171 | env_loop: 0 | eval_time: 0.3m | Start: 0 | Succ rate: 0.000 | Mpjpe: nan:   0%|          | 0/1 [00:17<?, ?it/s]

Sequence progress:  43%|████▎     | 172/398 [00:16<00:19, 11.61it/s][A
Terminated: 12 | max frames: 398 | steps 172 | env_loop: 0 | eval_time: 0.3m | Start: 0 | Succ rate: 0.000 | Mpjpe: nan:   0%|          | 0/1 [00:17<?, ?it/s]
Terminated: 12 | max frames: 398 | steps 173 | env_loop: 0 | eval_time: 0.3m | Start: 0 | Succ rate: 0.000 | Mpjpe: nan:   0%|          | 0/1 [00:17<?, ?it/s]

Sequence progress:  44%|████▎     | 174/398 [00:16<00:18, 11.89it/s][A
Terminated: 12 | max frames: 398 | steps 174 | env_loop: 0 | eval_time: 0.3m | Start: 0 | Succ rate: 0.000 | Mpjpe: nan:   0%|          | 0/1 [00:17<?, ?it/s]
Terminated: 12 | max frames: 398 | steps 175 | env_loop: 0 | eval_time: 0.3m | Start: 0 | Succ rate: 0.000 | Mpjpe: nan:   0%|          | 0/1 [00:17<?, ?it/s]

Sequence progress:  44%|████▍     | 176/398 [00:16<00:18, 12.08it/s][A
Terminated: 12 | max frames: 398 | steps 176 | env_loop: 0 | eval_time: 0.3m | Start: 0 | Succ rate: 0.000 | Mpjpe: nan:   0%|          | 0/1 [00:17<?, ?it/s]
Terminated: 12 | max frames: 398 | steps 177 | env_loop: 0 | eval_time: 0.3m | Start: 0 | Succ rate: 0.000 | Mpjpe: nan:   0%|          | 0/1 [00:17<?, ?it/s]

Sequence progress:  45%|████▍     | 178/398 [00:17<00:19, 11.35it/s][A
Terminated: 12 | max frames: 398 | steps 178 | env_loop: 0 | eval_time: 0.3m | Start: 0 | Succ rate: 0.000 | Mpjpe: nan:   0%|          | 0/1 [00:17<?, ?it/s]
Terminated: 12 | max frames: 398 | steps 179 | env_loop: 0 | eval_time: 0.3m | Start: 0 | Succ rate: 0.000 | Mpjpe: nan:   0%|          | 0/1 [00:17<?, ?it/s]

Sequence progress:  45%|████▌     | 180/398 [00:17<00:20, 10.76it/s][A
Terminated: 12 | max frames: 398 | steps 180 | env_loop: 0 | eval_time: 0.3m | Start: 0 | Succ rate: 0.000 | Mpjpe: nan:   0%|          | 0/1 [00:17<?, ?it/s]
Terminated: 12 | max frames: 398 | steps 181 | env_loop: 0 | eval_time: 0.3m | Start: 0 | Succ rate: 0.000 | Mpjpe: nan:   0%|          | 0/1 [00:18<?, ?it/s]

Sequence progress:  46%|████▌     | 182/398 [00:17<00:29,  7.35it/s][A
Terminated: 12 | max frames: 398 | steps 182 | env_loop: 0 | eval_time: 0.3m | Start: 0 | Succ rate: 0.000 | Mpjpe: nan:   0%|          | 0/1 [00:18<?, ?it/s]
Terminated: 12 | max frames: 398 | steps 183 | env_loop: 0 | eval_time: 0.3m | Start: 0 | Succ rate: 0.000 | Mpjpe: nan:   0%|          | 0/1 [00:18<?, ?it/s]

Sequence progress:  46%|████▌     | 184/398 [00:18<00:26,  8.01it/s][A
Terminated: 12 | max frames: 398 | steps 184 | env_loop: 0 | eval_time: 0.3m | Start: 0 | Succ rate: 0.000 | Mpjpe: nan:   0%|          | 0/1 [00:18<?, ?it/s]
Terminated: 12 | max frames: 398 | steps 185 | env_loop: 0 | eval_time: 0.3m | Start: 0 | Succ rate: 0.000 | Mpjpe: nan:   0%|          | 0/1 [00:18<?, ?it/s]

Sequence progress:  47%|████▋     | 186/398 [00:18<00:23,  9.10it/s][A
Terminated: 12 | max frames: 398 | steps 186 | env_loop: 0 | eval_time: 0.3m | Start: 0 | Succ rate: 0.000 | Mpjpe: nan:   0%|          | 0/1 [00:18<?, ?it/s]
Terminated: 12 | max frames: 398 | steps 187 | env_loop: 0 | eval_time: 0.3m | Start: 0 | Succ rate: 0.000 | Mpjpe: nan:   0%|          | 0/1 [00:18<?, ?it/s]

Sequence progress:  47%|████▋     | 188/398 [00:18<00:21,  9.77it/s][A
Terminated: 12 | max frames: 398 | steps 188 | env_loop: 0 | eval_time: 0.3m | Start: 0 | Succ rate: 0.000 | Mpjpe: nan:   0%|          | 0/1 [00:18<?, ?it/s]
Terminated: 12 | max frames: 398 | steps 189 | env_loop: 0 | eval_time: 0.3m | Start: 0 | Succ rate: 0.000 | Mpjpe: nan:   0%|          | 0/1 [00:18<?, ?it/s]

Sequence progress:  48%|████▊     | 190/398 [00:18<00:19, 10.92it/s][A
Terminated: 12 | max frames: 398 | steps 190 | env_loop: 0 | eval_time: 0.3m | Start: 0 | Succ rate: 0.000 | Mpjpe: nan:   0%|          | 0/1 [00:19<?, ?it/s]
Terminated: 12 | max frames: 398 | steps 191 | env_loop: 0 | eval_time: 0.3m | Start: 0 | Succ rate: 0.000 | Mpjpe: nan:   0%|          | 0/1 [00:19<?, ?it/s]

Sequence progress:  48%|████▊     | 192/398 [00:18<00:17, 11.58it/s][A
Terminated: 12 | max frames: 398 | steps 192 | env_loop: 0 | eval_time: 0.3m | Start: 0 | Succ rate: 0.000 | Mpjpe: nan:   0%|          | 0/1 [00:19<?, ?it/s]
Terminated: 12 | max frames: 398 | steps 193 | env_loop: 0 | eval_time: 0.3m | Start: 0 | Succ rate: 0.000 | Mpjpe: nan:   0%|          | 0/1 [00:19<?, ?it/s]

Sequence progress:  49%|████▊     | 194/398 [00:18<00:18, 11.07it/s][A
Terminated: 12 | max frames: 398 | steps 194 | env_loop: 0 | eval_time: 0.3m | Start: 0 | Succ rate: 0.000 | Mpjpe: nan:   0%|          | 0/1 [00:19<?, ?it/s]
Terminated: 12 | max frames: 398 | steps 195 | env_loop: 0 | eval_time: 0.3m | Start: 0 | Succ rate: 0.000 | Mpjpe: nan:   0%|          | 0/1 [00:19<?, ?it/s]

Sequence progress:  49%|████▉     | 196/398 [00:19<00:16, 11.98it/s][A
Terminated: 12 | max frames: 398 | steps 196 | env_loop: 0 | eval_time: 0.3m | Start: 0 | Succ rate: 0.000 | Mpjpe: nan:   0%|          | 0/1 [00:19<?, ?it/s]
Terminated: 12 | max frames: 398 | steps 197 | env_loop: 0 | eval_time: 0.3m | Start: 0 | Succ rate: 0.000 | Mpjpe: nan:   0%|          | 0/1 [00:19<?, ?it/s]

Sequence progress:  50%|████▉     | 198/398 [00:19<00:16, 12.35it/s][A
Terminated: 12 | max frames: 398 | steps 198 | env_loop: 0 | eval_time: 0.3m | Start: 0 | Succ rate: 0.000 | Mpjpe: nan:   0%|          | 0/1 [00:19<?, ?it/s]
Terminated: 12 | max frames: 398 | steps 199 | env_loop: 0 | eval_time: 0.3m | Start: 0 | Succ rate: 0.000 | Mpjpe: nan:   0%|          | 0/1 [00:19<?, ?it/s]

Sequence progress:  50%|█████     | 200/398 [00:19<00:16, 12.13it/s][A
Terminated: 12 | max frames: 398 | steps 200 | env_loop: 0 | eval_time: 0.3m | Start: 0 | Succ rate: 0.000 | Mpjpe: nan:   0%|          | 0/1 [00:19<?, ?it/s]
Terminated: 12 | max frames: 398 | steps 201 | env_loop: 0 | eval_time: 0.3m | Start: 0 | Succ rate: 0.000 | Mpjpe: nan:   0%|          | 0/1 [00:20<?, ?it/s]

Sequence progress:  51%|█████     | 202/398 [00:19<00:25,  7.60it/s][A
Terminated: 12 | max frames: 398 | steps 202 | env_loop: 0 | eval_time: 0.3m | Start: 0 | Succ rate: 0.000 | Mpjpe: nan:   0%|          | 0/1 [00:20<?, ?it/s]
Terminated: 12 | max frames: 398 | steps 203 | env_loop: 0 | eval_time: 0.3m | Start: 0 | Succ rate: 0.000 | Mpjpe: nan:   0%|          | 0/1 [00:20<?, ?it/s]

Sequence progress:  51%|█████▏    | 204/398 [00:19<00:21,  9.04it/s][A
Terminated: 12 | max frames: 398 | steps 204 | env_loop: 0 | eval_time: 0.3m | Start: 0 | Succ rate: 0.000 | Mpjpe: nan:   0%|          | 0/1 [00:20<?, ?it/s]
Terminated: 12 | max frames: 398 | steps 205 | env_loop: 0 | eval_time: 0.3m | Start: 0 | Succ rate: 0.000 | Mpjpe: nan:   0%|          | 0/1 [00:20<?, ?it/s]

Sequence progress:  52%|█████▏    | 206/398 [00:20<00:19,  9.82it/s][A
Terminated: 12 | max frames: 398 | steps 206 | env_loop: 0 | eval_time: 0.3m | Start: 0 | Succ rate: 0.000 | Mpjpe: nan:   0%|          | 0/1 [00:20<?, ?it/s]
Terminated: 12 | max frames: 398 | steps 207 | env_loop: 0 | eval_time: 0.3m | Start: 0 | Succ rate: 0.000 | Mpjpe: nan:   0%|          | 0/1 [00:20<?, ?it/s]

Sequence progress:  52%|█████▏    | 208/398 [00:20<00:18, 10.25it/s][A
Terminated: 12 | max frames: 398 | steps 208 | env_loop: 0 | eval_time: 0.3m | Start: 0 | Succ rate: 0.000 | Mpjpe: nan:   0%|          | 0/1 [00:20<?, ?it/s]
Terminated: 12 | max frames: 398 | steps 209 | env_loop: 0 | eval_time: 0.3m | Start: 0 | Succ rate: 0.000 | Mpjpe: nan:   0%|          | 0/1 [00:20<?, ?it/s]

Sequence progress:  53%|█████▎    | 210/398 [00:20<00:16, 11.37it/s][A
Terminated: 12 | max frames: 398 | steps 210 | env_loop: 0 | eval_time: 0.3m | Start: 0 | Succ rate: 0.000 | Mpjpe: nan:   0%|          | 0/1 [00:20<?, ?it/s]
Terminated: 12 | max frames: 398 | steps 211 | env_loop: 0 | eval_time: 0.4m | Start: 0 | Succ rate: 0.000 | Mpjpe: nan:   0%|          | 0/1 [00:21<?, ?it/s]

Sequence progress:  53%|█████▎    | 212/398 [00:20<00:16, 11.22it/s][A
Terminated: 12 | max frames: 398 | steps 212 | env_loop: 0 | eval_time: 0.4m | Start: 0 | Succ rate: 0.000 | Mpjpe: nan:   0%|          | 0/1 [00:21<?, ?it/s]
Terminated: 12 | max frames: 398 | steps 213 | env_loop: 0 | eval_time: 0.4m | Start: 0 | Succ rate: 0.000 | Mpjpe: nan:   0%|          | 0/1 [00:21<?, ?it/s]

Sequence progress:  54%|█████▍    | 214/398 [00:20<00:15, 11.53it/s][A
Terminated: 12 | max frames: 398 | steps 214 | env_loop: 0 | eval_time: 0.4m | Start: 0 | Succ rate: 0.000 | Mpjpe: nan:   0%|          | 0/1 [00:21<?, ?it/s]
Terminated: 12 | max frames: 398 | steps 215 | env_loop: 0 | eval_time: 0.4m | Start: 0 | Succ rate: 0.000 | Mpjpe: nan:   0%|          | 0/1 [00:21<?, ?it/s]

Sequence progress:  54%|█████▍    | 216/398 [00:20<00:15, 12.11it/s][A
Terminated: 12 | max frames: 398 | steps 216 | env_loop: 0 | eval_time: 0.4m | Start: 0 | Succ rate: 0.000 | Mpjpe: nan:   0%|          | 0/1 [00:21<?, ?it/s]
Terminated: 12 | max frames: 398 | steps 217 | env_loop: 0 | eval_time: 0.4m | Start: 0 | Succ rate: 0.000 | Mpjpe: nan:   0%|          | 0/1 [00:21<?, ?it/s]

Sequence progress:  55%|█████▍    | 218/398 [00:21<00:15, 11.67it/s][A
Terminated: 12 | max frames: 398 | steps 218 | env_loop: 0 | eval_time: 0.4m | Start: 0 | Succ rate: 0.000 | Mpjpe: nan:   0%|          | 0/1 [00:21<?, ?it/s]
Terminated: 12 | max frames: 398 | steps 219 | env_loop: 0 | eval_time: 0.4m | Start: 0 | Succ rate: 0.000 | Mpjpe: nan:   0%|          | 0/1 [00:21<?, ?it/s]

Sequence progress:  55%|█████▌    | 220/398 [00:21<00:15, 11.86it/s][A
Terminated: 12 | max frames: 398 | steps 220 | env_loop: 0 | eval_time: 0.4m | Start: 0 | Succ rate: 0.000 | Mpjpe: nan:   0%|          | 0/1 [00:21<?, ?it/s]
Terminated: 12 | max frames: 398 | steps 221 | env_loop: 0 | eval_time: 0.4m | Start: 0 | Succ rate: 0.000 | Mpjpe: nan:   0%|          | 0/1 [00:22<?, ?it/s]

Sequence progress:  56%|█████▌    | 222/398 [00:21<00:21,  8.18it/s][A
Terminated: 12 | max frames: 398 | steps 222 | env_loop: 0 | eval_time: 0.4m | Start: 0 | Succ rate: 0.000 | Mpjpe: nan:   0%|          | 0/1 [00:22<?, ?it/s]
Terminated: 12 | max frames: 398 | steps 223 | env_loop: 0 | eval_time: 0.4m | Start: 0 | Succ rate: 0.000 | Mpjpe: nan:   0%|          | 0/1 [00:22<?, ?it/s]

Sequence progress:  56%|█████▋    | 224/398 [00:21<00:19,  8.86it/s][A
Terminated: 12 | max frames: 398 | steps 224 | env_loop: 0 | eval_time: 0.4m | Start: 0 | Succ rate: 0.000 | Mpjpe: nan:   0%|          | 0/1 [00:22<?, ?it/s]
Terminated: 12 | max frames: 398 | steps 225 | env_loop: 0 | eval_time: 0.4m | Start: 0 | Succ rate: 0.000 | Mpjpe: nan:   0%|          | 0/1 [00:22<?, ?it/s]

Sequence progress:  57%|█████▋    | 226/398 [00:22<00:17,  9.66it/s][A
Terminated: 12 | max frames: 398 | steps 226 | env_loop: 0 | eval_time: 0.4m | Start: 0 | Succ rate: 0.000 | Mpjpe: nan:   0%|          | 0/1 [00:22<?, ?it/s]
Terminated: 12 | max frames: 398 | steps 227 | env_loop: 0 | eval_time: 0.4m | Start: 0 | Succ rate: 0.000 | Mpjpe: nan:   0%|          | 0/1 [00:22<?, ?it/s]

Sequence progress:  57%|█████▋    | 228/398 [00:22<00:16, 10.44it/s][A
Terminated: 12 | max frames: 398 | steps 228 | env_loop: 0 | eval_time: 0.4m | Start: 0 | Succ rate: 0.000 | Mpjpe: nan:   0%|          | 0/1 [00:22<?, ?it/s]
Terminated: 12 | max frames: 398 | steps 229 | env_loop: 0 | eval_time: 0.4m | Start: 0 | Succ rate: 0.000 | Mpjpe: nan:   0%|          | 0/1 [00:22<?, ?it/s]

Sequence progress:  58%|█████▊    | 230/398 [00:22<00:15, 10.72it/s][A
Terminated: 12 | max frames: 398 | steps 230 | env_loop: 0 | eval_time: 0.4m | Start: 0 | Succ rate: 0.000 | Mpjpe: nan:   0%|          | 0/1 [00:22<?, ?it/s]
Terminated: 12 | max frames: 398 | steps 231 | env_loop: 0 | eval_time: 0.4m | Start: 0 | Succ rate: 0.000 | Mpjpe: nan:   0%|          | 0/1 [00:22<?, ?it/s]

Sequence progress:  58%|█████▊    | 232/398 [00:22<00:14, 11.19it/s][A
Terminated: 12 | max frames: 398 | steps 232 | env_loop: 0 | eval_time: 0.4m | Start: 0 | Succ rate: 0.000 | Mpjpe: nan:   0%|          | 0/1 [00:23<?, ?it/s]
Terminated: 12 | max frames: 398 | steps 233 | env_loop: 0 | eval_time: 0.4m | Start: 0 | Succ rate: 0.000 | Mpjpe: nan:   0%|          | 0/1 [00:23<?, ?it/s]

Sequence progress:  59%|█████▉    | 234/398 [00:22<00:14, 11.62it/s][A
Terminated: 12 | max frames: 398 | steps 234 | env_loop: 0 | eval_time: 0.4m | Start: 0 | Succ rate: 0.000 | Mpjpe: nan:   0%|          | 0/1 [00:23<?, ?it/s]
Terminated: 12 | max frames: 398 | steps 235 | env_loop: 0 | eval_time: 0.4m | Start: 0 | Succ rate: 0.000 | Mpjpe: nan:   0%|          | 0/1 [00:23<?, ?it/s]

Sequence progress:  59%|█████▉    | 236/398 [00:22<00:14, 11.37it/s][A
Terminated: 12 | max frames: 398 | steps 236 | env_loop: 0 | eval_time: 0.4m | Start: 0 | Succ rate: 0.000 | Mpjpe: nan:   0%|          | 0/1 [00:23<?, ?it/s]
Terminated: 12 | max frames: 398 | steps 237 | env_loop: 0 | eval_time: 0.4m | Start: 0 | Succ rate: 0.000 | Mpjpe: nan:   0%|          | 0/1 [00:23<?, ?it/s]

Sequence progress:  60%|█████▉    | 238/398 [00:23<00:13, 11.68it/s][A
Terminated: 12 | max frames: 398 | steps 238 | env_loop: 0 | eval_time: 0.4m | Start: 0 | Succ rate: 0.000 | Mpjpe: nan:   0%|          | 0/1 [00:23<?, ?it/s]
Terminated: 12 | max frames: 398 | steps 239 | env_loop: 0 | eval_time: 0.4m | Start: 0 | Succ rate: 0.000 | Mpjpe: nan:   0%|          | 0/1 [00:23<?, ?it/s]

Sequence progress:  60%|██████    | 240/398 [00:23<00:14, 10.92it/s][A
Terminated: 12 | max frames: 398 | steps 240 | env_loop: 0 | eval_time: 0.4m | Start: 0 | Succ rate: 0.000 | Mpjpe: nan:   0%|          | 0/1 [00:23<?, ?it/s]
Terminated: 12 | max frames: 398 | steps 241 | env_loop: 0 | eval_time: 0.4m | Start: 0 | Succ rate: 0.000 | Mpjpe: nan:   0%|          | 0/1 [00:24<?, ?it/s]

Sequence progress:  61%|██████    | 242/398 [00:23<00:21,  7.14it/s][A
Terminated: 12 | max frames: 398 | steps 242 | env_loop: 0 | eval_time: 0.4m | Start: 0 | Succ rate: 0.000 | Mpjpe: nan:   0%|          | 0/1 [00:24<?, ?it/s]
Terminated: 12 | max frames: 398 | steps 243 | env_loop: 0 | eval_time: 0.4m | Start: 0 | Succ rate: 0.000 | Mpjpe: nan:   0%|          | 0/1 [00:24<?, ?it/s]

Sequence progress:  61%|██████▏   | 244/398 [00:23<00:19,  7.89it/s][A
Terminated: 12 | max frames: 398 | steps 244 | env_loop: 0 | eval_time: 0.4m | Start: 0 | Succ rate: 0.000 | Mpjpe: nan:   0%|          | 0/1 [00:24<?, ?it/s]
Terminated: 12 | max frames: 398 | steps 245 | env_loop: 0 | eval_time: 0.4m | Start: 0 | Succ rate: 0.000 | Mpjpe: nan:   0%|          | 0/1 [00:24<?, ?it/s]

Sequence progress:  62%|██████▏   | 246/398 [00:24<00:17,  8.69it/s][A
Terminated: 12 | max frames: 398 | steps 246 | env_loop: 0 | eval_time: 0.4m | Start: 0 | Succ rate: 0.000 | Mpjpe: nan:   0%|          | 0/1 [00:24<?, ?it/s]
Terminated: 12 | max frames: 398 | steps 247 | env_loop: 0 | eval_time: 0.4m | Start: 0 | Succ rate: 0.000 | Mpjpe: nan:   0%|          | 0/1 [00:24<?, ?it/s]

Sequence progress:  62%|██████▏   | 248/398 [00:24<00:15,  9.41it/s][A
Terminated: 12 | max frames: 398 | steps 248 | env_loop: 0 | eval_time: 0.4m | Start: 0 | Succ rate: 0.000 | Mpjpe: nan:   0%|          | 0/1 [00:24<?, ?it/s]
Terminated: 12 | max frames: 398 | steps 249 | env_loop: 0 | eval_time: 0.4m | Start: 0 | Succ rate: 0.000 | Mpjpe: nan:   0%|          | 0/1 [00:24<?, ?it/s]

Sequence progress:  63%|██████▎   | 250/398 [00:24<00:14, 10.47it/s][A
Terminated: 12 | max frames: 398 | steps 250 | env_loop: 0 | eval_time: 0.4m | Start: 0 | Succ rate: 0.000 | Mpjpe: nan:   0%|          | 0/1 [00:24<?, ?it/s]
Terminated: 12 | max frames: 398 | steps 251 | env_loop: 0 | eval_time: 0.4m | Start: 0 | Succ rate: 0.000 | Mpjpe: nan:   0%|          | 0/1 [00:25<?, ?it/s]

Sequence progress:  63%|██████▎   | 252/398 [00:24<00:13, 10.84it/s][A
Terminated: 12 | max frames: 398 | steps 252 | env_loop: 0 | eval_time: 0.4m | Start: 0 | Succ rate: 0.000 | Mpjpe: nan:   0%|          | 0/1 [00:25<?, ?it/s]
Terminated: 12 | max frames: 398 | steps 253 | env_loop: 0 | eval_time: 0.4m | Start: 0 | Succ rate: 0.000 | Mpjpe: nan:   0%|          | 0/1 [00:25<?, ?it/s]

Sequence progress:  64%|██████▍   | 254/398 [00:24<00:13, 10.90it/s][A
Terminated: 12 | max frames: 398 | steps 254 | env_loop: 0 | eval_time: 0.4m | Start: 0 | Succ rate: 0.000 | Mpjpe: nan:   0%|          | 0/1 [00:25<?, ?it/s]
Terminated: 12 | max frames: 398 | steps 255 | env_loop: 0 | eval_time: 0.4m | Start: 0 | Succ rate: 0.000 | Mpjpe: nan:   0%|          | 0/1 [00:25<?, ?it/s]

Sequence progress:  64%|██████▍   | 256/398 [00:24<00:11, 11.85it/s][A
Terminated: 12 | max frames: 398 | steps 256 | env_loop: 0 | eval_time: 0.4m | Start: 0 | Succ rate: 0.000 | Mpjpe: nan:   0%|          | 0/1 [00:25<?, ?it/s]
Terminated: 12 | max frames: 398 | steps 257 | env_loop: 0 | eval_time: 0.4m | Start: 0 | Succ rate: 0.000 | Mpjpe: nan:   0%|          | 0/1 [00:25<?, ?it/s]

Sequence progress:  65%|██████▍   | 258/398 [00:25<00:11, 12.00it/s][A
Terminated: 12 | max frames: 398 | steps 258 | env_loop: 0 | eval_time: 0.4m | Start: 0 | Succ rate: 0.000 | Mpjpe: nan:   0%|          | 0/1 [00:25<?, ?it/s]
Terminated: 12 | max frames: 398 | steps 259 | env_loop: 0 | eval_time: 0.4m | Start: 0 | Succ rate: 0.000 | Mpjpe: nan:   0%|          | 0/1 [00:25<?, ?it/s]

Sequence progress:  65%|██████▌   | 260/398 [00:25<00:11, 12.11it/s][A
Terminated: 12 | max frames: 398 | steps 260 | env_loop: 0 | eval_time: 0.4m | Start: 0 | Succ rate: 0.000 | Mpjpe: nan:   0%|          | 0/1 [00:25<?, ?it/s]
Terminated: 12 | max frames: 398 | steps 261 | env_loop: 0 | eval_time: 0.4m | Start: 0 | Succ rate: 0.000 | Mpjpe: nan:   0%|          | 0/1 [00:26<?, ?it/s]

Sequence progress:  66%|██████▌   | 262/398 [00:25<00:17,  7.79it/s][A
Terminated: 12 | max frames: 398 | steps 262 | env_loop: 0 | eval_time: 0.4m | Start: 0 | Succ rate: 0.000 | Mpjpe: nan:   0%|          | 0/1 [00:26<?, ?it/s]
Terminated: 12 | max frames: 398 | steps 263 | env_loop: 0 | eval_time: 0.4m | Start: 0 | Succ rate: 0.000 | Mpjpe: nan:   0%|          | 0/1 [00:26<?, ?it/s]

Sequence progress:  66%|██████▋   | 264/398 [00:25<00:14,  9.18it/s][A
Terminated: 12 | max frames: 398 | steps 264 | env_loop: 0 | eval_time: 0.4m | Start: 0 | Succ rate: 0.000 | Mpjpe: nan:   0%|          | 0/1 [00:26<?, ?it/s]
Terminated: 12 | max frames: 398 | steps 265 | env_loop: 0 | eval_time: 0.4m | Start: 0 | Succ rate: 0.000 | Mpjpe: nan:   0%|          | 0/1 [00:26<?, ?it/s]

Sequence progress:  67%|██████▋   | 266/398 [00:25<00:13,  9.68it/s][A
Terminated: 12 | max frames: 398 | steps 266 | env_loop: 0 | eval_time: 0.4m | Start: 0 | Succ rate: 0.000 | Mpjpe: nan:   0%|          | 0/1 [00:26<?, ?it/s]
Terminated: 12 | max frames: 398 | steps 267 | env_loop: 0 | eval_time: 0.4m | Start: 0 | Succ rate: 0.000 | Mpjpe: nan:   0%|          | 0/1 [00:26<?, ?it/s]

Sequence progress:  67%|██████▋   | 268/398 [00:26<00:12, 10.40it/s][A
Terminated: 12 | max frames: 398 | steps 268 | env_loop: 0 | eval_time: 0.4m | Start: 0 | Succ rate: 0.000 | Mpjpe: nan:   0%|          | 0/1 [00:26<?, ?it/s]
Terminated: 12 | max frames: 398 | steps 269 | env_loop: 0 | eval_time: 0.4m | Start: 0 | Succ rate: 0.000 | Mpjpe: nan:   0%|          | 0/1 [00:26<?, ?it/s]

Sequence progress:  68%|██████▊   | 270/398 [00:26<00:11, 11.25it/s][A
Terminated: 12 | max frames: 398 | steps 270 | env_loop: 0 | eval_time: 0.4m | Start: 0 | Succ rate: 0.000 | Mpjpe: nan:   0%|          | 0/1 [00:26<?, ?it/s]
Terminated: 12 | max frames: 398 | steps 271 | env_loop: 0 | eval_time: 0.4m | Start: 0 | Succ rate: 0.000 | Mpjpe: nan:   0%|          | 0/1 [00:26<?, ?it/s]

Sequence progress:  68%|██████▊   | 272/398 [00:26<00:11, 11.11it/s][A
Terminated: 12 | max frames: 398 | steps 272 | env_loop: 0 | eval_time: 0.4m | Start: 0 | Succ rate: 0.000 | Mpjpe: nan:   0%|          | 0/1 [00:26<?, ?it/s]
Terminated: 12 | max frames: 398 | steps 273 | env_loop: 0 | eval_time: 0.5m | Start: 0 | Succ rate: 0.000 | Mpjpe: nan:   0%|          | 0/1 [00:27<?, ?it/s]

Sequence progress:  69%|██████▉   | 274/398 [00:26<00:10, 12.01it/s][A
Terminated: 12 | max frames: 398 | steps 274 | env_loop: 0 | eval_time: 0.5m | Start: 0 | Succ rate: 0.000 | Mpjpe: nan:   0%|          | 0/1 [00:27<?, ?it/s]
Terminated: 12 | max frames: 398 | steps 275 | env_loop: 0 | eval_time: 0.5m | Start: 0 | Succ rate: 0.000 | Mpjpe: nan:   0%|          | 0/1 [00:27<?, ?it/s]

Sequence progress:  69%|██████▉   | 276/398 [00:26<00:09, 12.26it/s][A
Terminated: 12 | max frames: 398 | steps 276 | env_loop: 0 | eval_time: 0.5m | Start: 0 | Succ rate: 0.000 | Mpjpe: nan:   0%|          | 0/1 [00:27<?, ?it/s]
Terminated: 12 | max frames: 398 | steps 277 | env_loop: 0 | eval_time: 0.5m | Start: 0 | Succ rate: 0.000 | Mpjpe: nan:   0%|          | 0/1 [00:27<?, ?it/s]

Sequence progress:  70%|██████▉   | 278/398 [00:26<00:09, 12.03it/s][A
Terminated: 12 | max frames: 398 | steps 278 | env_loop: 0 | eval_time: 0.5m | Start: 0 | Succ rate: 0.000 | Mpjpe: nan:   0%|          | 0/1 [00:27<?, ?it/s]
Terminated: 12 | max frames: 398 | steps 279 | env_loop: 0 | eval_time: 0.5m | Start: 0 | Succ rate: 0.000 | Mpjpe: nan:   0%|          | 0/1 [00:27<?, ?it/s]

Sequence progress:  70%|███████   | 280/398 [00:27<00:09, 13.02it/s][A
Terminated: 12 | max frames: 398 | steps 280 | env_loop: 0 | eval_time: 0.5m | Start: 0 | Succ rate: 0.000 | Mpjpe: nan:   0%|          | 0/1 [00:27<?, ?it/s]
Terminated: 12 | max frames: 398 | steps 281 | env_loop: 0 | eval_time: 0.5m | Start: 0 | Succ rate: 0.000 | Mpjpe: nan:   0%|          | 0/1 [00:27<?, ?it/s]

Sequence progress:  71%|███████   | 282/398 [00:27<00:13,  8.32it/s][A
Terminated: 12 | max frames: 398 | steps 282 | env_loop: 0 | eval_time: 0.5m | Start: 0 | Succ rate: 0.000 | Mpjpe: nan:   0%|          | 0/1 [00:28<?, ?it/s]
Terminated: 12 | max frames: 398 | steps 283 | env_loop: 0 | eval_time: 0.5m | Start: 0 | Succ rate: 0.000 | Mpjpe: nan:   0%|          | 0/1 [00:28<?, ?it/s]

Sequence progress:  71%|███████▏  | 284/398 [00:27<00:12,  8.94it/s][A
Terminated: 12 | max frames: 398 | steps 284 | env_loop: 0 | eval_time: 0.5m | Start: 0 | Succ rate: 0.000 | Mpjpe: nan:   0%|          | 0/1 [00:28<?, ?it/s]
Terminated: 12 | max frames: 398 | steps 285 | env_loop: 0 | eval_time: 0.5m | Start: 0 | Succ rate: 0.000 | Mpjpe: nan:   0%|          | 0/1 [00:28<?, ?it/s]

Sequence progress:  72%|███████▏  | 286/398 [00:27<00:11, 10.14it/s][A
Terminated: 12 | max frames: 398 | steps 286 | env_loop: 0 | eval_time: 0.5m | Start: 0 | Succ rate: 0.000 | Mpjpe: nan:   0%|          | 0/1 [00:28<?, ?it/s]
Terminated: 12 | max frames: 398 | steps 287 | env_loop: 0 | eval_time: 0.5m | Start: 0 | Succ rate: 0.000 | Mpjpe: nan:   0%|          | 0/1 [00:28<?, ?it/s]

Sequence progress:  72%|███████▏  | 288/398 [00:27<00:10, 10.94it/s][A
Terminated: 12 | max frames: 398 | steps 288 | env_loop: 0 | eval_time: 0.5m | Start: 0 | Succ rate: 0.000 | Mpjpe: nan:   0%|          | 0/1 [00:28<?, ?it/s]
Terminated: 12 | max frames: 398 | steps 289 | env_loop: 0 | eval_time: 0.5m | Start: 0 | Succ rate: 0.000 | Mpjpe: nan:   0%|          | 0/1 [00:28<?, ?it/s]

Sequence progress:  73%|███████▎  | 290/398 [00:28<00:10, 10.68it/s][A
Terminated: 12 | max frames: 398 | steps 290 | env_loop: 0 | eval_time: 0.5m | Start: 0 | Succ rate: 0.000 | Mpjpe: nan:   0%|          | 0/1 [00:28<?, ?it/s]
Terminated: 12 | max frames: 398 | steps 291 | env_loop: 0 | eval_time: 0.5m | Start: 0 | Succ rate: 0.000 | Mpjpe: nan:   0%|          | 0/1 [00:28<?, ?it/s]

Sequence progress:  73%|███████▎  | 292/398 [00:28<00:09, 11.24it/s][A
Terminated: 12 | max frames: 398 | steps 292 | env_loop: 0 | eval_time: 0.5m | Start: 0 | Succ rate: 0.000 | Mpjpe: nan:   0%|          | 0/1 [00:28<?, ?it/s]
Terminated: 12 | max frames: 398 | steps 293 | env_loop: 0 | eval_time: 0.5m | Start: 0 | Succ rate: 0.000 | Mpjpe: nan:   0%|          | 0/1 [00:28<?, ?it/s]

Sequence progress:  74%|███████▍  | 294/398 [00:28<00:08, 11.68it/s][A
Terminated: 12 | max frames: 398 | steps 294 | env_loop: 0 | eval_time: 0.5m | Start: 0 | Succ rate: 0.000 | Mpjpe: nan:   0%|          | 0/1 [00:28<?, ?it/s]
Terminated: 12 | max frames: 398 | steps 295 | env_loop: 0 | eval_time: 0.5m | Start: 0 | Succ rate: 0.000 | Mpjpe: nan:   0%|          | 0/1 [00:29<?, ?it/s]

Sequence progress:  74%|███████▍  | 296/398 [00:28<00:08, 11.65it/s][A
Terminated: 12 | max frames: 398 | steps 296 | env_loop: 0 | eval_time: 0.5m | Start: 0 | Succ rate: 0.000 | Mpjpe: nan:   0%|          | 0/1 [00:29<?, ?it/s]
Terminated: 12 | max frames: 398 | steps 297 | env_loop: 0 | eval_time: 0.5m | Start: 0 | Succ rate: 0.000 | Mpjpe: nan:   0%|          | 0/1 [00:29<?, ?it/s]

Sequence progress:  75%|███████▍  | 298/398 [00:28<00:08, 11.46it/s][A
Terminated: 12 | max frames: 398 | steps 298 | env_loop: 0 | eval_time: 0.5m | Start: 0 | Succ rate: 0.000 | Mpjpe: nan:   0%|          | 0/1 [00:29<?, ?it/s]
Terminated: 12 | max frames: 398 | steps 299 | env_loop: 0 | eval_time: 0.5m | Start: 0 | Succ rate: 0.000 | Mpjpe: nan:   0%|          | 0/1 [00:29<?, ?it/s]

Sequence progress:  75%|███████▌  | 300/398 [00:29<00:08, 11.45it/s][A
Terminated: 12 | max frames: 398 | steps 300 | env_loop: 0 | eval_time: 0.5m | Start: 0 | Succ rate: 0.000 | Mpjpe: nan:   0%|          | 0/1 [00:29<?, ?it/s]
Terminated: 12 | max frames: 398 | steps 301 | env_loop: 0 | eval_time: 0.5m | Start: 0 | Succ rate: 0.000 | Mpjpe: nan:   0%|          | 0/1 [00:29<?, ?it/s]

Sequence progress:  76%|███████▌  | 302/398 [00:29<00:13,  7.12it/s][A
Terminated: 12 | max frames: 398 | steps 302 | env_loop: 0 | eval_time: 0.5m | Start: 0 | Succ rate: 0.000 | Mpjpe: nan:   0%|          | 0/1 [00:30<?, ?it/s]
Terminated: 12 | max frames: 398 | steps 303 | env_loop: 0 | eval_time: 0.5m | Start: 0 | Succ rate: 0.000 | Mpjpe: nan:   0%|          | 0/1 [00:30<?, ?it/s]

Sequence progress:  76%|███████▋  | 304/398 [00:29<00:11,  7.93it/s][A
Terminated: 12 | max frames: 398 | steps 304 | env_loop: 0 | eval_time: 0.5m | Start: 0 | Succ rate: 0.000 | Mpjpe: nan:   0%|          | 0/1 [00:30<?, ?it/s]
Terminated: 12 | max frames: 398 | steps 305 | env_loop: 0 | eval_time: 0.5m | Start: 0 | Succ rate: 0.000 | Mpjpe: nan:   0%|          | 0/1 [00:30<?, ?it/s]

Sequence progress:  77%|███████▋  | 306/398 [00:29<00:10,  9.11it/s][A
Terminated: 12 | max frames: 398 | steps 306 | env_loop: 0 | eval_time: 0.5m | Start: 0 | Succ rate: 0.000 | Mpjpe: nan:   0%|          | 0/1 [00:30<?, ?it/s]
Terminated: 12 | max frames: 398 | steps 307 | env_loop: 0 | eval_time: 0.5m | Start: 0 | Succ rate: 0.000 | Mpjpe: nan:   0%|          | 0/1 [00:30<?, ?it/s]

Sequence progress:  77%|███████▋  | 308/398 [00:30<00:09,  9.70it/s][A
Terminated: 12 | max frames: 398 | steps 308 | env_loop: 0 | eval_time: 0.5m | Start: 0 | Succ rate: 0.000 | Mpjpe: nan:   0%|          | 0/1 [00:30<?, ?it/s]
Terminated: 12 | max frames: 398 | steps 309 | env_loop: 0 | eval_time: 0.5m | Start: 0 | Succ rate: 0.000 | Mpjpe: nan:   0%|          | 0/1 [00:30<?, ?it/s]

Sequence progress:  78%|███████▊  | 310/398 [00:30<00:08, 10.32it/s][A
Terminated: 12 | max frames: 398 | steps 310 | env_loop: 0 | eval_time: 0.5m | Start: 0 | Succ rate: 0.000 | Mpjpe: nan:   0%|          | 0/1 [00:30<?, ?it/s]
Terminated: 12 | max frames: 398 | steps 311 | env_loop: 0 | eval_time: 0.5m | Start: 0 | Succ rate: 0.000 | Mpjpe: nan:   0%|          | 0/1 [00:30<?, ?it/s]

Sequence progress:  78%|███████▊  | 312/398 [00:30<00:07, 10.99it/s][A
Terminated: 12 | max frames: 398 | steps 312 | env_loop: 0 | eval_time: 0.5m | Start: 0 | Succ rate: 0.000 | Mpjpe: nan:   0%|          | 0/1 [00:30<?, ?it/s]
Terminated: 12 | max frames: 398 | steps 313 | env_loop: 0 | eval_time: 0.5m | Start: 0 | Succ rate: 0.000 | Mpjpe: nan:   0%|          | 0/1 [00:30<?, ?it/s]

Sequence progress:  79%|███████▉  | 314/398 [00:30<00:07, 11.21it/s][A
Terminated: 12 | max frames: 398 | steps 314 | env_loop: 0 | eval_time: 0.5m | Start: 0 | Succ rate: 0.000 | Mpjpe: nan:   0%|          | 0/1 [00:31<?, ?it/s]
Terminated: 12 | max frames: 398 | steps 315 | env_loop: 0 | eval_time: 0.5m | Start: 0 | Succ rate: 0.000 | Mpjpe: nan:   0%|          | 0/1 [00:31<?, ?it/s]

Sequence progress:  79%|███████▉  | 316/398 [00:30<00:06, 12.07it/s][A
Terminated: 12 | max frames: 398 | steps 316 | env_loop: 0 | eval_time: 0.5m | Start: 0 | Succ rate: 0.000 | Mpjpe: nan:   0%|          | 0/1 [00:31<?, ?it/s]
Terminated: 12 | max frames: 398 | steps 317 | env_loop: 0 | eval_time: 0.5m | Start: 0 | Succ rate: 0.000 | Mpjpe: nan:   0%|          | 0/1 [00:31<?, ?it/s]

Sequence progress:  80%|███████▉  | 318/398 [00:30<00:06, 12.23it/s][A
Terminated: 12 | max frames: 398 | steps 318 | env_loop: 0 | eval_time: 0.5m | Start: 0 | Succ rate: 0.000 | Mpjpe: nan:   0%|          | 0/1 [00:31<?, ?it/s]
Terminated: 12 | max frames: 398 | steps 319 | env_loop: 0 | eval_time: 0.5m | Start: 0 | Succ rate: 0.000 | Mpjpe: nan:   0%|          | 0/1 [00:31<?, ?it/s]

Sequence progress:  80%|████████  | 320/398 [00:30<00:06, 12.24it/s][A
Terminated: 12 | max frames: 398 | steps 320 | env_loop: 0 | eval_time: 0.5m | Start: 0 | Succ rate: 0.000 | Mpjpe: nan:   0%|          | 0/1 [00:31<?, ?it/s]
Terminated: 12 | max frames: 398 | steps 321 | env_loop: 0 | eval_time: 0.5m | Start: 0 | Succ rate: 0.000 | Mpjpe: nan:   0%|          | 0/1 [00:31<?, ?it/s]

Sequence progress:  81%|████████  | 322/398 [00:31<00:09,  8.12it/s][A
Terminated: 12 | max frames: 398 | steps 322 | env_loop: 0 | eval_time: 0.5m | Start: 0 | Succ rate: 0.000 | Mpjpe: nan:   0%|          | 0/1 [00:31<?, ?it/s]
Terminated: 12 | max frames: 398 | steps 323 | env_loop: 0 | eval_time: 0.5m | Start: 0 | Succ rate: 0.000 | Mpjpe: nan:   0%|          | 0/1 [00:32<?, ?it/s]

Sequence progress:  81%|████████▏ | 324/398 [00:31<00:08,  9.07it/s][A
Terminated: 12 | max frames: 398 | steps 324 | env_loop: 0 | eval_time: 0.5m | Start: 0 | Succ rate: 0.000 | Mpjpe: nan:   0%|          | 0/1 [00:32<?, ?it/s]
Terminated: 12 | max frames: 398 | steps 325 | env_loop: 0 | eval_time: 0.5m | Start: 0 | Succ rate: 0.000 | Mpjpe: nan:   0%|          | 0/1 [00:32<?, ?it/s]

Sequence progress:  82%|████████▏ | 326/398 [00:31<00:07,  9.69it/s][A
Terminated: 12 | max frames: 398 | steps 326 | env_loop: 0 | eval_time: 0.5m | Start: 0 | Succ rate: 0.000 | Mpjpe: nan:   0%|          | 0/1 [00:32<?, ?it/s]
Terminated: 12 | max frames: 398 | steps 327 | env_loop: 0 | eval_time: 0.5m | Start: 0 | Succ rate: 0.000 | Mpjpe: nan:   0%|          | 0/1 [00:32<?, ?it/s]

Sequence progress:  82%|████████▏ | 328/398 [00:31<00:07,  9.97it/s][A
Terminated: 12 | max frames: 398 | steps 328 | env_loop: 0 | eval_time: 0.5m | Start: 0 | Succ rate: 0.000 | Mpjpe: nan:   0%|          | 0/1 [00:32<?, ?it/s]
Terminated: 12 | max frames: 398 | steps 329 | env_loop: 0 | eval_time: 0.5m | Start: 0 | Succ rate: 0.000 | Mpjpe: nan:   0%|          | 0/1 [00:32<?, ?it/s]

Sequence progress:  83%|████████▎ | 330/398 [00:32<00:06, 10.87it/s][A
Terminated: 12 | max frames: 398 | steps 330 | env_loop: 0 | eval_time: 0.5m | Start: 0 | Succ rate: 0.000 | Mpjpe: nan:   0%|          | 0/1 [00:32<?, ?it/s]
Terminated: 12 | max frames: 398 | steps 331 | env_loop: 0 | eval_time: 0.5m | Start: 0 | Succ rate: 0.000 | Mpjpe: nan:   0%|          | 0/1 [00:32<?, ?it/s]

Sequence progress:  83%|████████▎ | 332/398 [00:32<00:05, 11.14it/s][A
Terminated: 12 | max frames: 398 | steps 332 | env_loop: 0 | eval_time: 0.5m | Start: 0 | Succ rate: 0.000 | Mpjpe: nan:   0%|          | 0/1 [00:32<?, ?it/s]
Terminated: 12 | max frames: 398 | steps 333 | env_loop: 0 | eval_time: 0.5m | Start: 0 | Succ rate: 0.000 | Mpjpe: nan:   0%|          | 0/1 [00:32<?, ?it/s]

Sequence progress:  84%|████████▍ | 334/398 [00:32<00:05, 11.90it/s][A
Terminated: 12 | max frames: 398 | steps 334 | env_loop: 0 | eval_time: 0.5m | Start: 0 | Succ rate: 0.000 | Mpjpe: nan:   0%|          | 0/1 [00:32<?, ?it/s]
Terminated: 12 | max frames: 398 | steps 335 | env_loop: 0 | eval_time: 0.6m | Start: 0 | Succ rate: 0.000 | Mpjpe: nan:   0%|          | 0/1 [00:33<?, ?it/s]

Sequence progress:  84%|████████▍ | 336/398 [00:32<00:05, 11.85it/s][A
Terminated: 12 | max frames: 398 | steps 336 | env_loop: 0 | eval_time: 0.6m | Start: 0 | Succ rate: 0.000 | Mpjpe: nan:   0%|          | 0/1 [00:33<?, ?it/s]
Terminated: 12 | max frames: 398 | steps 337 | env_loop: 0 | eval_time: 0.6m | Start: 0 | Succ rate: 0.000 | Mpjpe: nan:   0%|          | 0/1 [00:33<?, ?it/s]

Sequence progress:  85%|████████▍ | 338/398 [00:32<00:05, 11.80it/s][A
Terminated: 12 | max frames: 398 | steps 338 | env_loop: 0 | eval_time: 0.6m | Start: 0 | Succ rate: 0.000 | Mpjpe: nan:   0%|          | 0/1 [00:33<?, ?it/s]
Terminated: 12 | max frames: 398 | steps 339 | env_loop: 0 | eval_time: 0.6m | Start: 0 | Succ rate: 0.000 | Mpjpe: nan:   0%|          | 0/1 [00:33<?, ?it/s]

Sequence progress:  85%|████████▌ | 340/398 [00:32<00:04, 12.62it/s][A
Terminated: 12 | max frames: 398 | steps 340 | env_loop: 0 | eval_time: 0.6m | Start: 0 | Succ rate: 0.000 | Mpjpe: nan:   0%|          | 0/1 [00:33<?, ?it/s]
Terminated: 12 | max frames: 398 | steps 341 | env_loop: 0 | eval_time: 0.6m | Start: 0 | Succ rate: 0.000 | Mpjpe: nan:   0%|          | 0/1 [00:33<?, ?it/s]

Sequence progress:  86%|████████▌ | 342/398 [00:33<00:06,  8.39it/s][A
Terminated: 12 | max frames: 398 | steps 342 | env_loop: 0 | eval_time: 0.6m | Start: 0 | Succ rate: 0.000 | Mpjpe: nan:   0%|          | 0/1 [00:33<?, ?it/s]
Terminated: 12 | max frames: 398 | steps 343 | env_loop: 0 | eval_time: 0.6m | Start: 0 | Succ rate: 0.000 | Mpjpe: nan:   0%|          | 0/1 [00:33<?, ?it/s]

Sequence progress:  86%|████████▋ | 344/398 [00:33<00:06,  9.00it/s][A
Terminated: 12 | max frames: 398 | steps 344 | env_loop: 0 | eval_time: 0.6m | Start: 0 | Succ rate: 0.000 | Mpjpe: nan:   0%|          | 0/1 [00:33<?, ?it/s]
Terminated: 12 | max frames: 398 | steps 345 | env_loop: 0 | eval_time: 0.6m | Start: 0 | Succ rate: 0.000 | Mpjpe: nan:   0%|          | 0/1 [00:34<?, ?it/s]

Sequence progress:  87%|████████▋ | 346/398 [00:33<00:05,  9.61it/s][A
Terminated: 12 | max frames: 398 | steps 346 | env_loop: 0 | eval_time: 0.6m | Start: 0 | Succ rate: 0.000 | Mpjpe: nan:   0%|          | 0/1 [00:34<?, ?it/s]
Terminated: 12 | max frames: 398 | steps 347 | env_loop: 0 | eval_time: 0.6m | Start: 0 | Succ rate: 0.000 | Mpjpe: nan:   0%|          | 0/1 [00:34<?, ?it/s]

Sequence progress:  87%|████████▋ | 348/398 [00:33<00:04, 10.78it/s][A
Terminated: 12 | max frames: 398 | steps 348 | env_loop: 0 | eval_time: 0.6m | Start: 0 | Succ rate: 0.000 | Mpjpe: nan:   0%|          | 0/1 [00:34<?, ?it/s]
Terminated: 12 | max frames: 398 | steps 349 | env_loop: 0 | eval_time: 0.6m | Start: 0 | Succ rate: 0.000 | Mpjpe: nan:   0%|          | 0/1 [00:34<?, ?it/s]

Sequence progress:  88%|████████▊ | 350/398 [00:33<00:04, 10.83it/s][A
Terminated: 12 | max frames: 398 | steps 350 | env_loop: 0 | eval_time: 0.6m | Start: 0 | Succ rate: 0.000 | Mpjpe: nan:   0%|          | 0/1 [00:34<?, ?it/s]
Terminated: 12 | max frames: 398 | steps 351 | env_loop: 0 | eval_time: 0.6m | Start: 0 | Succ rate: 0.000 | Mpjpe: nan:   0%|          | 0/1 [00:34<?, ?it/s]

Sequence progress:  88%|████████▊ | 352/398 [00:34<00:03, 11.73it/s][A
Terminated: 12 | max frames: 398 | steps 352 | env_loop: 0 | eval_time: 0.6m | Start: 0 | Succ rate: 0.000 | Mpjpe: nan:   0%|          | 0/1 [00:34<?, ?it/s]
Terminated: 12 | max frames: 398 | steps 353 | env_loop: 0 | eval_time: 0.6m | Start: 0 | Succ rate: 0.000 | Mpjpe: nan:   0%|          | 0/1 [00:34<?, ?it/s]

Sequence progress:  89%|████████▉ | 354/398 [00:34<00:03, 11.75it/s][A
Terminated: 12 | max frames: 398 | steps 354 | env_loop: 0 | eval_time: 0.6m | Start: 0 | Succ rate: 0.000 | Mpjpe: nan:   0%|          | 0/1 [00:34<?, ?it/s]
Terminated: 12 | max frames: 398 | steps 355 | env_loop: 0 | eval_time: 0.6m | Start: 0 | Succ rate: 0.000 | Mpjpe: nan:   0%|          | 0/1 [00:34<?, ?it/s]

Sequence progress:  89%|████████▉ | 356/398 [00:34<00:03, 11.46it/s][A
Terminated: 12 | max frames: 398 | steps 356 | env_loop: 0 | eval_time: 0.6m | Start: 0 | Succ rate: 0.000 | Mpjpe: nan:   0%|          | 0/1 [00:34<?, ?it/s]
Terminated: 12 | max frames: 398 | steps 357 | env_loop: 0 | eval_time: 0.6m | Start: 0 | Succ rate: 0.000 | Mpjpe: nan:   0%|          | 0/1 [00:35<?, ?it/s]

Sequence progress:  90%|████████▉ | 358/398 [00:34<00:03, 11.76it/s][A
Terminated: 12 | max frames: 398 | steps 358 | env_loop: 0 | eval_time: 0.6m | Start: 0 | Succ rate: 0.000 | Mpjpe: nan:   0%|          | 0/1 [00:35<?, ?it/s]
Terminated: 12 | max frames: 398 | steps 359 | env_loop: 0 | eval_time: 0.6m | Start: 0 | Succ rate: 0.000 | Mpjpe: nan:   0%|          | 0/1 [00:35<?, ?it/s]

Sequence progress:  90%|█████████ | 360/398 [00:34<00:03, 11.42it/s][A
Terminated: 12 | max frames: 398 | steps 360 | env_loop: 0 | eval_time: 0.6m | Start: 0 | Succ rate: 0.000 | Mpjpe: nan:   0%|          | 0/1 [00:35<?, ?it/s]
Terminated: 12 | max frames: 398 | steps 361 | env_loop: 0 | eval_time: 0.6m | Start: 0 | Succ rate: 0.000 | Mpjpe: nan:   0%|          | 0/1 [00:35<?, ?it/s]

Sequence progress:  91%|█████████ | 362/398 [00:35<00:04,  7.70it/s][A
Terminated: 12 | max frames: 398 | steps 362 | env_loop: 0 | eval_time: 0.6m | Start: 0 | Succ rate: 0.000 | Mpjpe: nan:   0%|          | 0/1 [00:35<?, ?it/s]

Sequence progress:  91%|█████████ | 363/398 [00:35<00:04,  7.81it/s][A
Terminated: 12 | max frames: 398 | steps 363 | env_loop: 0 | eval_time: 0.6m | Start: 0 | Succ rate: 0.000 | Mpjpe: nan:   0%|          | 0/1 [00:35<?, ?it/s]
Terminated: 12 | max frames: 398 | steps 364 | env_loop: 0 | eval_time: 0.6m | Start: 0 | Succ rate: 0.000 | Mpjpe: nan:   0%|          | 0/1 [00:35<?, ?it/s]

Sequence progress:  92%|█████████▏| 365/398 [00:35<00:03,  9.00it/s][A
Terminated: 12 | max frames: 398 | steps 365 | env_loop: 0 | eval_time: 0.6m | Start: 0 | Succ rate: 0.000 | Mpjpe: nan:   0%|          | 0/1 [00:36<?, ?it/s]
Terminated: 12 | max frames: 398 | steps 366 | env_loop: 0 | eval_time: 0.6m | Start: 0 | Succ rate: 0.000 | Mpjpe: nan:   0%|          | 0/1 [00:36<?, ?it/s]

Sequence progress:  92%|█████████▏| 367/398 [00:35<00:03,  9.81it/s][A
Terminated: 12 | max frames: 398 | steps 367 | env_loop: 0 | eval_time: 0.6m | Start: 0 | Succ rate: 0.000 | Mpjpe: nan:   0%|          | 0/1 [00:36<?, ?it/s]
Terminated: 12 | max frames: 398 | steps 368 | env_loop: 0 | eval_time: 0.6m | Start: 0 | Succ rate: 0.000 | Mpjpe: nan:   0%|          | 0/1 [00:36<?, ?it/s]

Sequence progress:  93%|█████████▎| 369/398 [00:35<00:02, 10.40it/s][A
Terminated: 12 | max frames: 398 | steps 369 | env_loop: 0 | eval_time: 0.6m | Start: 0 | Succ rate: 0.000 | Mpjpe: nan:   0%|          | 0/1 [00:36<?, ?it/s]
Terminated: 12 | max frames: 398 | steps 370 | env_loop: 0 | eval_time: 0.6m | Start: 0 | Succ rate: 0.000 | Mpjpe: nan:   0%|          | 0/1 [00:36<?, ?it/s]

Sequence progress:  93%|█████████▎| 371/398 [00:36<00:02, 11.75it/s][A
Terminated: 12 | max frames: 398 | steps 371 | env_loop: 0 | eval_time: 0.6m | Start: 0 | Succ rate: 0.000 | Mpjpe: nan:   0%|          | 0/1 [00:36<?, ?it/s]
Terminated: 12 | max frames: 398 | steps 372 | env_loop: 0 | eval_time: 0.6m | Start: 0 | Succ rate: 0.000 | Mpjpe: nan:   0%|          | 0/1 [00:36<?, ?it/s]

Sequence progress:  94%|█████████▎| 373/398 [00:36<00:02, 11.65it/s][A
Terminated: 12 | max frames: 398 | steps 373 | env_loop: 0 | eval_time: 0.6m | Start: 0 | Succ rate: 0.000 | Mpjpe: nan:   0%|          | 0/1 [00:36<?, ?it/s]
Terminated: 12 | max frames: 398 | steps 374 | env_loop: 0 | eval_time: 0.6m | Start: 0 | Succ rate: 0.000 | Mpjpe: nan:   0%|          | 0/1 [00:36<?, ?it/s]

Sequence progress:  94%|█████████▍| 375/398 [00:36<00:01, 12.02it/s][A
Terminated: 12 | max frames: 398 | steps 375 | env_loop: 0 | eval_time: 0.6m | Start: 0 | Succ rate: 0.000 | Mpjpe: nan:   0%|          | 0/1 [00:36<?, ?it/s]
Terminated: 12 | max frames: 398 | steps 376 | env_loop: 0 | eval_time: 0.6m | Start: 0 | Succ rate: 0.000 | Mpjpe: nan:   0%|          | 0/1 [00:36<?, ?it/s]

Sequence progress:  95%|█████████▍| 377/398 [00:36<00:01, 12.09it/s][A
Terminated: 12 | max frames: 398 | steps 377 | env_loop: 0 | eval_time: 0.6m | Start: 0 | Succ rate: 0.000 | Mpjpe: nan:   0%|          | 0/1 [00:37<?, ?it/s]
Terminated: 12 | max frames: 398 | steps 378 | env_loop: 0 | eval_time: 0.6m | Start: 0 | Succ rate: 0.000 | Mpjpe: nan:   0%|          | 0/1 [00:37<?, ?it/s]

Sequence progress:  95%|█████████▌| 379/398 [00:36<00:01, 12.04it/s][A
Terminated: 12 | max frames: 398 | steps 379 | env_loop: 0 | eval_time: 0.6m | Start: 0 | Succ rate: 0.000 | Mpjpe: nan:   0%|          | 0/1 [00:37<?, ?it/s]
Terminated: 12 | max frames: 398 | steps 380 | env_loop: 0 | eval_time: 0.6m | Start: 0 | Succ rate: 0.000 | Mpjpe: nan:   0%|          | 0/1 [00:37<?, ?it/s]

Sequence progress:  96%|█████████▌| 381/398 [00:37<00:02,  7.87it/s][A
Terminated: 12 | max frames: 398 | steps 381 | env_loop: 0 | eval_time: 0.6m | Start: 0 | Succ rate: 0.000 | Mpjpe: nan:   0%|          | 0/1 [00:37<?, ?it/s]
Terminated: 12 | max frames: 398 | steps 382 | env_loop: 0 | eval_time: 0.6m | Start: 0 | Succ rate: 0.000 | Mpjpe: nan:   0%|          | 0/1 [00:37<?, ?it/s]

Sequence progress:  96%|█████████▌| 383/398 [00:37<00:01,  8.38it/s][A
Terminated: 12 | max frames: 398 | steps 383 | env_loop: 0 | eval_time: 0.6m | Start: 0 | Succ rate: 0.000 | Mpjpe: nan:   0%|          | 0/1 [00:37<?, ?it/s]
Terminated: 12 | max frames: 398 | steps 384 | env_loop: 0 | eval_time: 0.6m | Start: 0 | Succ rate: 0.000 | Mpjpe: nan:   0%|          | 0/1 [00:37<?, ?it/s]

Sequence progress:  97%|█████████▋| 385/398 [00:37<00:01,  9.79it/s][A
Terminated: 12 | max frames: 398 | steps 385 | env_loop: 0 | eval_time: 0.6m | Start: 0 | Succ rate: 0.000 | Mpjpe: nan:   0%|          | 0/1 [00:37<?, ?it/s]
Terminated: 12 | max frames: 398 | steps 386 | env_loop: 0 | eval_time: 0.6m | Start: 0 | Succ rate: 0.000 | Mpjpe: nan:   0%|          | 0/1 [00:38<?, ?it/s]

Sequence progress:  97%|█████████▋| 387/398 [00:37<00:01, 10.47it/s][A
Terminated: 12 | max frames: 398 | steps 387 | env_loop: 0 | eval_time: 0.6m | Start: 0 | Succ rate: 0.000 | Mpjpe: nan:   0%|          | 0/1 [00:38<?, ?it/s]
Terminated: 12 | max frames: 398 | steps 388 | env_loop: 0 | eval_time: 0.6m | Start: 0 | Succ rate: 0.000 | Mpjpe: nan:   0%|          | 0/1 [00:38<?, ?it/s]

Sequence progress:  98%|█████████▊| 389/398 [00:37<00:00, 11.01it/s][A
Terminated: 12 | max frames: 398 | steps 389 | env_loop: 0 | eval_time: 0.6m | Start: 0 | Succ rate: 0.000 | Mpjpe: nan:   0%|          | 0/1 [00:38<?, ?it/s]
Terminated: 12 | max frames: 398 | steps 390 | env_loop: 0 | eval_time: 0.6m | Start: 0 | Succ rate: 0.000 | Mpjpe: nan:   0%|          | 0/1 [00:38<?, ?it/s]

Sequence progress:  98%|█████████▊| 391/398 [00:37<00:00, 11.67it/s][A
Terminated: 12 | max frames: 398 | steps 391 | env_loop: 0 | eval_time: 0.6m | Start: 0 | Succ rate: 0.000 | Mpjpe: nan:   0%|          | 0/1 [00:38<?, ?it/s]
Terminated: 12 | max frames: 398 | steps 392 | env_loop: 0 | eval_time: 0.6m | Start: 0 | Succ rate: 0.000 | Mpjpe: nan:   0%|          | 0/1 [00:38<?, ?it/s]

Sequence progress:  99%|█████████▊| 393/398 [00:38<00:00, 11.72it/s][A
Terminated: 12 | max frames: 398 | steps 393 | env_loop: 0 | eval_time: 0.6m | Start: 0 | Succ rate: 0.000 | Mpjpe: nan:   0%|          | 0/1 [00:38<?, ?it/s]
Terminated: 12 | max frames: 398 | steps 394 | env_loop: 0 | eval_time: 0.6m | Start: 0 | Succ rate: 0.000 | Mpjpe: nan:   0%|          | 0/1 [00:38<?, ?it/s]

Sequence progress:  99%|█████████▉| 395/398 [00:38<00:00, 12.90it/s][A
Terminated: 12 | max frames: 398 | steps 395 | env_loop: 0 | eval_time: 0.6m | Start: 0 | Succ rate: 0.000 | Mpjpe: nan:   0%|          | 0/1 [00:38<?, ?it/s]
Terminated: 12 | max frames: 398 | steps 396 | env_loop: 0 | eval_time: 0.6m | Start: 0 | Succ rate: 0.000 | Mpjpe: nan:   0%|          | 0/1 [00:38<?, ?it/s]

Sequence progress: 100%|█████████▉| 397/398 [00:38<00:00, 12.41it/s][A
Terminated: 12 | max frames: 398 | steps 397 | env_loop: 0 | eval_time: 0.6m | Start: 0 | Succ rate: 0.000 | Mpjpe: nan:   0%|          | 0/1 [00:38<?, ?it/s]

                                                                    [A

  0%|          | 0/24 [00:00<?, ?it/s][A
100%|██████████| 24/24 [00:00<00:00, 834.48it/s]


  0%|          | 0/24 [00:00<?, ?it/s][A
100%|██████████| 24/24 [00:00<00:00, 1145.02it/s]


  0%|          | 0/24 [00:00<?, ?it/s][A
100%|██████████| 24/24 [00:00<00:00, 1463.02it/s]


  0%|          | 0/24 [00:00<?, ?it/s][A
100%|██████████| 24/24 [00:00<00:00, 1197.19it/s]


  0%|          | 0/24 [00:00<?, ?it/s][A
100%|██████████| 24/24 [00:00<00:00, 1521.49it/s]

Terminated: 12 | max frames: 398 | steps 397 | env_loop: 0 | eval_time: 0.6m | Start: 0 | Succ rate: 0.000 | Mpjpe: nan: 100%|██████████| 1/1 [00:40<00:00, 40.11s/it]
Terminated: 12 | max frames: 398 | steps 397 | env_loop: 0 | eval_time: 0.6m | Start: 0 | Succ rate: 0.000 | Mpjpe: nan: 100%|██████████| 1/1 [00:40<00:00, 40.11s/it]